-- phpMyAdmin SQL Dump
-- version 5.2.1
-- https://www.phpmyadmin.net/
--
-- Host: 127.0.0.1
-- Generation Time: Mar 30, 2026 at 11:41 AM
-- Server version: 10.4.32-MariaDB
-- PHP Version: 8.2.12

SET SQL_MODE = "NO_AUTO_VALUE_ON_ZERO";
START TRANSACTION;
SET time_zone = "+00:00";


/*!40101 SET @OLD_CHARACTER_SET_CLIENT=@@CHARACTER_SET_CLIENT */;
/*!40101 SET @OLD_CHARACTER_SET_RESULTS=@@CHARACTER_SET_RESULTS */;
/*!40101 SET @OLD_COLLATION_CONNECTION=@@COLLATION_CONNECTION */;
/*!40101 SET NAMES utf8mb4 */;

--
-- Database: `exam_ai_db`
--

-- --------------------------------------------------------

--
-- Table structure for table `departments`
--

CREATE TABLE `departments` (
  `id` int(11) NOT NULL,
  `name` varchar(100) NOT NULL,
  `code` varchar(20) NOT NULL,
  `created_at` datetime DEFAULT current_timestamp()
) ENGINE=InnoDB DEFAULT CHARSET=utf8mb4 COLLATE=utf8mb4_general_ci;

--
-- Dumping data for table `departments`
--

INSERT INTO `departments` (`id`, `name`, `code`, `created_at`) VALUES
(1, 'Computer Science Engineering', 'CSE', '2026-03-23 04:31:02'),
(2, 'Mechanical Engineering', 'MECH', '2026-03-24 08:55:13'),
(3, 'art and science', 'ARTS', '2026-03-30 03:49:44'),
(4, 'Data Structures', 'DS', '2026-03-30 03:50:15'),
(5, 'Machine learning', 'ML', '2026-03-30 04:05:08');

-- --------------------------------------------------------

--
-- Table structure for table `exams`
--

CREATE TABLE `exams` (
  `id` int(11) NOT NULL,
  `exam_name` varchar(200) NOT NULL,
  `course_code` varchar(20) NOT NULL,
  `exam_date` date DEFAULT NULL,
  `duration` int(11) DEFAULT NULL,
  `faculty_id` int(11) NOT NULL,
  `created_at` datetime DEFAULT NULL
) ENGINE=InnoDB DEFAULT CHARSET=utf8mb4 COLLATE=utf8mb4_general_ci;

-- --------------------------------------------------------

--
-- Table structure for table `faculty`
--

CREATE TABLE `faculty` (
  `id` int(11) NOT NULL,
  `user_id` int(11) NOT NULL,
  `designation` varchar(100) DEFAULT NULL,
  `experience_years` int(11) DEFAULT NULL,
  `qualification` varchar(100) DEFAULT NULL,
  `created_at` datetime DEFAULT NULL,
  `faculty_id` varchar(50) DEFAULT NULL
) ENGINE=InnoDB DEFAULT CHARSET=utf8mb4 COLLATE=utf8mb4_general_ci;

--
-- Dumping data for table `faculty`
--

INSERT INTO `faculty` (`id`, `user_id`, `designation`, `experience_years`, `qualification`, `created_at`, `faculty_id`) VALUES
(1, 2, 'Assistant Professor', 6, 'PhD', '2026-03-03 20:18:56', 'FAC0001'),
(2, 3, 'Assistant Professor', 7, 'PhD', '2026-03-03 20:18:56', 'FAC0002'),
(3, 4, 'Assistant Professor', 8, 'PhD', '2026-03-03 20:18:56', 'FAC0003'),
(4, 5, 'Assistant Professor', 9, 'PhD', '2026-03-03 20:18:56', 'FAC0004'),
(5, 6, 'Assistant Professor', 5, 'PhD', '2026-03-03 20:18:56', 'FAC0005'),
(6, 7, 'Assistant Professor', 6, 'PhD', '2026-03-03 20:18:56', 'FAC0006'),
(7, 8, 'Assistant Professor', 7, 'PhD', '2026-03-03 20:18:56', 'FAC0007'),
(8, 9, 'Assistant Professor', 8, 'PhD', '2026-03-03 20:18:56', 'FAC0008'),
(9, 10, 'Assistant Professor', 9, 'PhD', '2026-03-03 20:18:56', 'FAC0009'),
(10, 11, 'Assistant Professor', 5, 'PhD', '2026-03-03 20:18:56', 'FAC0010'),
(11, 12, 'Assistant Professor', 6, 'PhD', '2026-03-03 20:18:56', 'FAC0011'),
(12, 13, 'Assistant Professor', 7, 'PhD', '2026-03-03 20:18:56', 'FAC0012'),
(13, 14, 'Assistant Professor', 8, 'PhD', '2026-03-03 20:18:56', 'FAC0013'),
(14, 15, 'Assistant Professor', 9, 'PhD', '2026-03-03 20:18:56', 'FAC0014'),
(15, 16, 'Assistant Professor', 5, 'PhD', '2026-03-03 20:18:56', 'FAC0015'),
(16, 17, 'Assistant Professor', 6, 'PhD', '2026-03-03 20:18:56', 'FAC0016'),
(17, 18, 'Assistant Professor', 7, 'PhD', '2026-03-03 20:18:56', 'FAC0017'),
(18, 19, 'Assistant Professor', 8, 'PhD', '2026-03-03 20:18:56', 'FAC0018'),
(19, 20, 'Assistant Professor', 9, 'PhD', '2026-03-03 20:18:56', 'FAC0019'),
(20, 21, 'Assistant Professor', 5, 'PhD', '2026-03-03 20:18:56', 'FAC0020'),
(21, 82, 'Assistant professor', 2, 'PhD', '2026-03-05 08:37:41', 'FAC0021'),
(22, 92, 'Assistant Professor', 5, 'PhD', '2026-03-06 08:22:36', 'FAC0092'),
(23, 93, 'Assistant professor', 2, 'PhD', '2026-03-12 20:35:44', 'FAC0025'),
(24, 94, 'Assistant Professor', 5, 'PhD', '2026-03-23 04:41:33', 'FAC001'),
(25, 102, 'ASSISTANT PROFESSOR', 2, 'PhD', '2026-03-24 08:54:10', 'FAC0783'),
(26, 103, 'ASSISTANT professor', 2, 'PhD', '2026-03-24 09:04:16', 'FAC930'),
(27, 105, 'assistant professor', 2, 'M.Tech', '2026-03-30 03:51:34', 'FAC0105'),
(28, 107, 'ASSISTANT PROFESSOR', 1, 'M. Tech', '2026-03-30 04:06:37', 'FC47947');

-- --------------------------------------------------------

--
-- Table structure for table `faculty_details`
--

CREATE TABLE `faculty_details` (
  `id` int(11) NOT NULL,
  `user_id` int(11) NOT NULL,
  `department_id` int(11) NOT NULL,
  `designation` varchar(100) DEFAULT NULL,
  `qualification` varchar(100) DEFAULT NULL,
  `experience_years` int(11) DEFAULT NULL,
  `phone` varchar(20) DEFAULT NULL,
  `address` text DEFAULT NULL,
  `created_at` datetime DEFAULT NULL,
  `faculty_id` varchar(50) NOT NULL
) ENGINE=InnoDB DEFAULT CHARSET=utf8mb4 COLLATE=utf8mb4_general_ci;

--
-- Dumping data for table `faculty_details`
--

INSERT INTO `faculty_details` (`id`, `user_id`, `department_id`, `designation`, `qualification`, `experience_years`, `phone`, `address`, `created_at`, `faculty_id`) VALUES
(1, 82, 1, 'Assistant professor', 'PhD', 2, NULL, NULL, '2026-03-05 08:37:41', 'FAC0082'),
(2, 92, 1, 'Assistant Professor', 'PhD', 5, NULL, NULL, '2026-03-06 08:22:36', 'FAC0092'),
(3, 93, 2, 'Assistant professor', 'PhD', 2, NULL, NULL, '2026-03-12 20:35:44', 'FAC0025'),
(4, 94, 1, 'Assistant Professor', 'PhD', 5, NULL, NULL, '2026-03-23 04:41:33', 'FAC001'),
(5, 102, 1, 'ASSISTANT PROFESSOR', 'PhD', 2, NULL, NULL, '2026-03-24 08:54:10', 'FAC0783'),
(6, 103, 1, 'ASSISTANT professor', 'PhD', 2, NULL, NULL, '2026-03-24 09:04:16', 'FAC930'),
(7, 105, 3, 'assistant professor', 'M.Tech', 2, NULL, NULL, '2026-03-30 03:51:34', 'FAC0105'),
(8, 107, 5, 'ASSISTANT PROFESSOR', 'M. Tech', 1, NULL, NULL, '2026-03-30 04:06:37', 'FC47947');

-- --------------------------------------------------------

--
-- Table structure for table `omr_answer_keys`
--

CREATE TABLE `omr_answer_keys` (
  `id` int(11) NOT NULL,
  `exam_id` int(11) DEFAULT NULL,
  `question_number` int(11) DEFAULT NULL,
  `correct_option` varchar(1) DEFAULT NULL
) ENGINE=InnoDB DEFAULT CHARSET=utf8mb4 COLLATE=utf8mb4_general_ci;

--
-- Dumping data for table `omr_answer_keys`
--

INSERT INTO `omr_answer_keys` (`id`, `exam_id`, `question_number`, `correct_option`) VALUES
(13, 2, 1, 'A'),
(14, 2, 2, 'B'),
(15, 2, 3, 'C'),
(16, 2, 4, 'D'),
(17, 2, 5, 'A'),
(18, 2, 6, 'B'),
(19, 2, 7, 'C'),
(20, 2, 8, 'D'),
(21, 2, 9, 'A'),
(22, 2, 10, 'B'),
(23, 4, 1, '0'),
(24, 4, 2, '1'),
(25, 4, 3, '1'),
(26, 4, 4, '1'),
(27, 4, 5, '2'),
(28, 4, 6, '2'),
(29, 4, 7, '3'),
(30, 4, 8, '2'),
(31, 4, 9, '2'),
(32, 4, 10, '1'),
(33, 6, 1, '0'),
(34, 6, 2, '1'),
(35, 6, 3, '2'),
(36, 6, 4, '3'),
(37, 6, 5, '2'),
(38, 6, 6, '1'),
(39, 6, 7, '0'),
(40, 6, 8, '1'),
(41, 6, 9, '2'),
(42, 6, 10, '3'),
(43, 9, 1, '0'),
(44, 9, 2, '1'),
(45, 9, 3, '2'),
(46, 9, 4, '3'),
(47, 9, 5, '2'),
(48, 9, 6, '1'),
(49, 9, 7, '0'),
(50, 9, 8, '1'),
(51, 9, 9, '2'),
(52, 9, 10, '3'),
(53, 11, 1, '0'),
(54, 11, 2, '1'),
(55, 11, 3, '2'),
(56, 11, 4, '3'),
(57, 11, 5, '2'),
(58, 11, 6, '1'),
(59, 11, 7, '0'),
(60, 11, 8, '1'),
(61, 11, 9, '2'),
(62, 11, 10, '3'),
(66, 12, 1, '0'),
(67, 12, 2, '1'),
(68, 12, 3, '2'),
(69, 12, 4, '3'),
(70, 12, 5, '2'),
(71, 12, 6, '1'),
(72, 12, 7, '0'),
(73, 12, 8, '1'),
(74, 12, 9, '2'),
(75, 12, 10, '3'),
(76, 14, 1, '0'),
(77, 14, 2, '1'),
(78, 14, 3, '2'),
(79, 14, 4, '3'),
(80, 14, 5, '2'),
(81, 14, 6, '1'),
(82, 14, 7, '0'),
(83, 14, 8, '1'),
(84, 14, 9, '2'),
(85, 14, 10, '3'),
(86, 16, 1, '3'),
(87, 16, 2, '3'),
(88, 16, 3, '2'),
(89, 16, 4, '1'),
(90, 16, 5, '2'),
(91, 16, 6, '3'),
(92, 16, 7, '0'),
(93, 16, 8, '0'),
(94, 16, 9, '3'),
(95, 16, 10, '0'),
(96, 18, 1, '3'),
(97, 18, 2, '2'),
(98, 18, 3, '2'),
(99, 18, 4, '1'),
(100, 18, 5, '2'),
(101, 18, 6, '3'),
(102, 18, 7, '0'),
(103, 18, 8, '0'),
(104, 18, 9, '3'),
(105, 18, 10, '0'),
(106, 20, 1, '1'),
(107, 20, 2, '2'),
(108, 20, 3, '0'),
(109, 20, 4, '3'),
(110, 20, 5, '1'),
(111, 20, 6, '4'),
(112, 20, 7, '1'),
(113, 20, 8, '2'),
(114, 20, 9, '4'),
(115, 20, 10, '3'),
(116, 21, 1, '1'),
(117, 21, 2, '2'),
(118, 21, 3, '0'),
(119, 21, 4, '3'),
(120, 21, 5, '1'),
(121, 21, 6, '4'),
(122, 21, 7, '1'),
(123, 21, 8, '2'),
(124, 21, 9, '4'),
(125, 21, 10, '3'),
(127, 22, 1, '1'),
(128, 22, 2, '2'),
(129, 22, 3, '3'),
(130, 22, 4, '3'),
(131, 22, 5, '1'),
(132, 22, 6, '4'),
(133, 22, 7, '1'),
(134, 22, 8, '2'),
(135, 22, 9, '4'),
(136, 22, 10, '3'),
(140, 23, 1, '1'),
(141, 23, 2, '2'),
(142, 23, 3, '3'),
(143, 23, 4, '3'),
(144, 23, 5, '1'),
(145, 23, 6, '0'),
(146, 23, 7, '1'),
(147, 23, 8, '2'),
(148, 23, 9, '0'),
(149, 23, 10, '3'),
(150, 24, 1, '1'),
(151, 24, 2, '2'),
(152, 24, 3, '3'),
(153, 24, 4, '3'),
(154, 24, 5, '1'),
(155, 24, 6, '0'),
(156, 24, 7, '1'),
(157, 24, 8, '2'),
(158, 24, 9, '0'),
(159, 24, 10, '3'),
(160, 26, 1, '0'),
(161, 26, 2, '1'),
(162, 26, 3, '0'),
(163, 26, 4, '1'),
(164, 26, 5, '2'),
(165, 26, 6, '3'),
(166, 26, 7, '2'),
(167, 26, 8, '3'),
(168, 26, 9, '0'),
(169, 26, 10, '3'),
(170, 28, 1, '0'),
(171, 28, 2, '0'),
(172, 28, 3, '1'),
(173, 28, 4, '1'),
(174, 28, 5, '3'),
(175, 28, 6, '2'),
(176, 28, 7, '1'),
(177, 28, 8, '3'),
(178, 28, 9, '2'),
(179, 28, 10, '0'),
(180, 30, 1, '1'),
(181, 30, 2, '0'),
(182, 30, 3, '3'),
(183, 30, 4, '1'),
(184, 30, 5, '2'),
(185, 30, 6, '0'),
(186, 30, 7, '0'),
(187, 30, 8, '2'),
(188, 30, 9, '1'),
(189, 30, 10, '0'),
(190, 30, 11, '2'),
(191, 30, 12, '1'),
(192, 30, 13, '2'),
(193, 30, 14, '0'),
(194, 30, 15, '2'),
(195, 30, 16, '3'),
(196, 30, 17, '1'),
(197, 30, 18, '1'),
(198, 30, 19, '3'),
(199, 30, 20, '0'),
(200, 32, 1, '1'),
(201, 32, 2, '0'),
(202, 32, 3, '3'),
(203, 32, 4, '1'),
(204, 32, 5, '2'),
(205, 32, 6, '0'),
(206, 32, 7, '0'),
(207, 32, 8, '2'),
(208, 32, 9, '1'),
(209, 32, 10, '0'),
(210, 32, 11, '2'),
(211, 32, 12, '1'),
(212, 32, 13, '2'),
(213, 32, 14, '0'),
(214, 32, 15, '2'),
(215, 32, 16, '3'),
(216, 32, 17, '1'),
(217, 32, 18, '1'),
(218, 32, 19, '3'),
(219, 32, 20, '0'),
(220, 33, 1, '1'),
(221, 33, 2, '0'),
(222, 33, 3, '3'),
(223, 33, 4, '1'),
(224, 33, 5, '2'),
(225, 33, 6, '0'),
(226, 33, 7, '0'),
(227, 33, 8, '2'),
(228, 33, 9, '1'),
(229, 33, 10, '0'),
(230, 33, 11, '2'),
(231, 33, 12, '1'),
(232, 33, 13, '2'),
(233, 33, 14, '0'),
(234, 33, 15, '2'),
(235, 33, 16, '3'),
(236, 33, 17, '1'),
(237, 33, 18, '1'),
(238, 33, 19, '3'),
(239, 33, 20, '0'),
(240, 34, 1, '1'),
(241, 34, 2, '0'),
(242, 34, 3, '3'),
(243, 34, 4, '1'),
(244, 34, 5, '2'),
(245, 34, 6, '0'),
(246, 34, 7, '0'),
(247, 34, 8, '2'),
(248, 34, 9, '1'),
(249, 34, 10, '0'),
(250, 34, 11, '2'),
(251, 34, 12, '1'),
(252, 34, 13, '2'),
(253, 34, 14, '0'),
(254, 34, 15, '2'),
(255, 34, 16, '3'),
(256, 34, 17, '1'),
(257, 34, 18, '1'),
(258, 34, 19, '3'),
(259, 34, 20, '0'),
(260, 36, 1, '1'),
(261, 36, 2, '0'),
(262, 36, 3, '3'),
(263, 36, 4, '1'),
(264, 36, 5, '2'),
(265, 36, 6, '0'),
(266, 36, 7, '0'),
(267, 36, 8, '2'),
(268, 36, 9, '1'),
(269, 36, 10, '0'),
(270, 36, 11, '2'),
(271, 36, 12, '1'),
(272, 36, 13, '2'),
(273, 36, 14, '0'),
(274, 36, 15, '2'),
(275, 36, 16, '3'),
(276, 36, 17, '1'),
(277, 36, 18, '1'),
(278, 36, 19, '3'),
(279, 36, 20, '0'),
(280, 37, 1, '1'),
(281, 37, 2, '0'),
(282, 37, 3, '3'),
(283, 37, 4, '1'),
(284, 37, 5, '2'),
(285, 37, 6, '0'),
(286, 37, 7, '0'),
(287, 37, 8, '2'),
(288, 37, 9, '1'),
(289, 37, 10, '0'),
(290, 37, 11, '2'),
(291, 37, 12, '1'),
(292, 37, 13, '2'),
(293, 37, 14, '0'),
(294, 37, 15, '2'),
(295, 37, 16, '3'),
(296, 37, 17, '1'),
(297, 37, 18, '1'),
(298, 37, 19, '3'),
(299, 37, 20, '0'),
(300, 38, 1, '0'),
(301, 38, 2, '1'),
(302, 38, 3, '2'),
(303, 38, 4, '1'),
(304, 38, 5, '2'),
(305, 38, 6, '2'),
(306, 38, 7, '0'),
(307, 38, 8, '1'),
(308, 38, 9, '2'),
(309, 38, 10, '1'),
(310, 38, 11, '2'),
(311, 38, 12, '1'),
(312, 38, 13, '2'),
(313, 38, 14, '2'),
(314, 38, 15, '1'),
(315, 38, 16, '1'),
(316, 38, 17, '2'),
(317, 38, 18, '1'),
(318, 38, 19, '2'),
(319, 38, 20, '2'),
(325, 39, 1, '1'),
(326, 39, 2, '2'),
(327, 39, 3, '2'),
(328, 39, 4, '2'),
(329, 39, 5, '1'),
(330, 39, 6, '2'),
(331, 39, 7, '3'),
(332, 39, 8, '2'),
(333, 39, 9, '2'),
(334, 39, 10, '1'),
(335, 39, 11, '0'),
(336, 39, 12, '0'),
(337, 39, 13, '3'),
(338, 39, 14, '2'),
(339, 39, 15, '1'),
(340, 39, 16, '1'),
(341, 39, 17, '2'),
(342, 39, 18, '1'),
(343, 39, 19, '0'),
(344, 39, 20, '2'),
(345, 40, 1, '1'),
(346, 40, 2, '0'),
(347, 40, 3, '3'),
(348, 40, 4, '1'),
(349, 40, 5, '2'),
(350, 40, 6, '0'),
(351, 40, 7, '0'),
(352, 40, 8, '2'),
(353, 40, 9, '1'),
(354, 40, 10, '0'),
(355, 40, 11, '2'),
(356, 40, 12, '1'),
(357, 40, 13, '2'),
(358, 40, 14, '0'),
(359, 40, 15, '2'),
(360, 40, 16, '3'),
(361, 40, 17, '1'),
(362, 40, 18, '1'),
(363, 40, 19, '3'),
(364, 40, 20, '0'),
(365, 42, 1, '3'),
(366, 42, 2, '1'),
(367, 42, 3, '1'),
(368, 42, 4, '2'),
(369, 42, 5, '0'),
(370, 42, 6, '0'),
(371, 42, 7, '2'),
(372, 42, 8, '1'),
(373, 42, 9, '2'),
(374, 42, 10, '0'),
(375, 42, 11, '0'),
(376, 42, 12, '2'),
(377, 42, 13, '0'),
(378, 42, 14, '3'),
(379, 42, 15, '3'),
(380, 42, 16, '2'),
(381, 42, 17, '1'),
(382, 42, 18, '1'),
(383, 42, 19, '2'),
(384, 42, 20, '0'),
(385, 43, 1, '3'),
(386, 43, 2, '1'),
(387, 43, 3, '1'),
(388, 43, 4, '2'),
(389, 43, 5, '0'),
(390, 43, 6, '0'),
(391, 43, 7, '2'),
(392, 43, 8, '1'),
(393, 43, 9, '2'),
(394, 43, 10, '0'),
(395, 43, 11, '0'),
(396, 43, 12, '2'),
(397, 43, 13, '0'),
(398, 43, 14, '3'),
(399, 43, 15, '3'),
(400, 43, 16, '2'),
(401, 43, 17, '1'),
(402, 43, 18, '1'),
(403, 43, 19, '2'),
(404, 43, 20, '0'),
(445, 45, 1, '3'),
(446, 45, 2, '1'),
(447, 45, 3, '1'),
(448, 45, 4, '2'),
(449, 45, 5, '0'),
(450, 45, 6, '0'),
(451, 45, 7, '2'),
(452, 45, 8, '1'),
(453, 45, 9, '2'),
(454, 45, 10, '0'),
(455, 45, 11, '0'),
(456, 45, 12, '2'),
(457, 45, 13, '0'),
(458, 45, 14, '3'),
(459, 45, 15, '3'),
(460, 45, 16, '2'),
(461, 45, 17, '1'),
(462, 45, 18, '1'),
(463, 45, 19, '2'),
(464, 45, 20, '0'),
(465, 48, 1, '3'),
(466, 48, 2, '1'),
(467, 48, 3, '1'),
(468, 48, 4, '2'),
(469, 48, 5, '0'),
(470, 48, 6, '0'),
(471, 48, 7, '2'),
(472, 48, 8, '1'),
(473, 48, 9, '2'),
(474, 48, 10, '0'),
(475, 48, 11, '0'),
(476, 48, 12, '2'),
(477, 48, 13, '0'),
(478, 48, 14, '3'),
(479, 48, 15, '3'),
(480, 48, 16, '2'),
(481, 48, 17, '1'),
(482, 48, 18, '1'),
(483, 48, 19, '2'),
(484, 48, 20, '0'),
(485, 49, 1, 'A'),
(486, 49, 2, 'B'),
(487, 49, 3, 'C'),
(488, 49, 4, 'D'),
(489, 49, 5, 'A'),
(490, 49, 6, 'B'),
(491, 49, 7, 'C'),
(492, 49, 8, 'D'),
(493, 49, 9, 'A'),
(494, 49, 10, 'B'),
(495, 49, 11, 'A'),
(496, 49, 12, 'B'),
(497, 49, 13, 'C'),
(498, 49, 14, 'D'),
(499, 49, 15, 'A'),
(500, 49, 16, 'B'),
(501, 49, 17, 'C'),
(502, 49, 18, 'D'),
(503, 49, 19, 'A'),
(504, 49, 20, 'B'),
(505, 51, 1, 'A'),
(506, 51, 2, 'A'),
(507, 51, 3, 'B'),
(508, 51, 4, 'B'),
(509, 51, 5, 'C'),
(510, 51, 6, 'C'),
(511, 51, 7, 'D'),
(512, 51, 8, 'D'),
(513, 51, 9, 'C'),
(514, 51, 10, 'C'),
(515, 51, 11, 'B'),
(516, 51, 12, 'B'),
(517, 51, 13, 'A'),
(518, 51, 14, 'A'),
(519, 51, 15, 'B'),
(520, 51, 16, 'B'),
(521, 51, 17, 'B'),
(522, 51, 18, 'C'),
(523, 51, 19, 'C'),
(524, 51, 20, 'D'),
(565, 50, 1, 'A'),
(566, 50, 2, 'B'),
(567, 50, 3, 'B'),
(568, 50, 4, 'C'),
(569, 50, 5, 'B'),
(570, 50, 6, 'B'),
(571, 50, 7, 'A'),
(572, 50, 8, 'A'),
(573, 50, 9, 'C'),
(574, 50, 10, 'D'),
(575, 50, 11, 'A'),
(576, 50, 12, 'B'),
(577, 50, 13, 'C'),
(578, 50, 14, 'D'),
(579, 50, 15, 'B'),
(580, 50, 16, 'D'),
(581, 50, 17, 'B'),
(582, 50, 18, 'A'),
(583, 50, 19, 'B'),
(584, 50, 20, 'C'),
(625, 52, 1, 'C'),
(626, 52, 2, 'C'),
(627, 52, 3, 'C'),
(628, 52, 4, 'C'),
(629, 52, 5, 'C'),
(630, 52, 6, 'C'),
(631, 52, 7, 'C'),
(632, 52, 8, 'C'),
(633, 52, 9, 'C'),
(634, 52, 10, 'C'),
(635, 52, 11, 'C'),
(636, 52, 12, 'C'),
(637, 52, 13, 'C'),
(638, 52, 14, 'C'),
(639, 52, 15, 'C'),
(640, 52, 16, 'C'),
(641, 52, 17, 'C'),
(642, 52, 18, 'C'),
(643, 52, 19, 'C'),
(644, 52, 20, 'C'),
(645, 53, 1, '0'),
(646, 53, 2, '1'),
(647, 53, 3, '1'),
(648, 53, 4, '2'),
(649, 53, 5, '3'),
(650, 53, 6, '1'),
(651, 53, 7, '2'),
(652, 53, 8, '0'),
(653, 53, 9, '3'),
(654, 53, 10, '1'),
(655, 53, 11, '0'),
(656, 53, 12, '1'),
(657, 53, 13, '0'),
(658, 53, 14, '3'),
(659, 53, 15, '1'),
(660, 53, 16, '1'),
(661, 53, 17, '0'),
(662, 53, 18, '2'),
(663, 53, 19, '3'),
(664, 53, 20, '1'),
(665, 55, 1, '0'),
(666, 55, 2, '1'),
(667, 55, 3, '1'),
(668, 55, 4, '2'),
(669, 55, 5, '3'),
(670, 55, 6, '1'),
(671, 55, 7, '2'),
(672, 55, 8, '0'),
(673, 55, 9, '3'),
(674, 55, 10, '1'),
(675, 55, 11, '0'),
(676, 55, 12, '1'),
(677, 55, 13, '0'),
(678, 55, 14, '3'),
(679, 55, 15, '1'),
(680, 55, 16, '1'),
(681, 55, 17, '0'),
(682, 55, 18, '2'),
(683, 55, 19, '3'),
(684, 55, 20, '1'),
(685, 56, 1, '0'),
(686, 56, 2, '1'),
(687, 56, 3, '1'),
(688, 56, 4, '2'),
(689, 56, 5, '3'),
(690, 56, 6, '1'),
(691, 56, 7, '2'),
(692, 56, 8, '0'),
(693, 56, 9, '3'),
(694, 56, 10, '1'),
(695, 56, 11, '0'),
(696, 56, 12, '1'),
(697, 56, 13, '0'),
(698, 56, 14, '3'),
(699, 56, 15, '1'),
(700, 56, 16, '1'),
(701, 56, 17, '0'),
(702, 56, 18, '2'),
(703, 56, 19, '3'),
(704, 56, 20, '1'),
(705, 57, 1, 'A'),
(706, 57, 2, 'B'),
(707, 57, 3, 'C'),
(708, 57, 4, 'D'),
(709, 57, 5, 'A'),
(710, 57, 6, 'B'),
(711, 57, 7, 'C'),
(712, 57, 8, 'D'),
(713, 57, 9, 'A'),
(714, 57, 10, 'B'),
(715, 57, 11, 'A'),
(716, 57, 12, 'B'),
(717, 57, 13, 'C'),
(718, 57, 14, 'D'),
(719, 57, 15, 'A'),
(720, 57, 16, 'B'),
(721, 57, 17, 'C'),
(722, 57, 18, 'D'),
(723, 57, 19, 'A'),
(724, 57, 20, 'B'),
(725, 59, 1, '0'),
(726, 59, 2, '1'),
(727, 59, 3, '1'),
(728, 59, 4, '2'),
(729, 59, 5, '3'),
(730, 59, 6, '1'),
(731, 59, 7, '2'),
(732, 59, 8, '0'),
(733, 59, 9, '3'),
(734, 59, 10, '1'),
(735, 59, 11, '0'),
(736, 59, 12, '1'),
(737, 59, 13, '0'),
(738, 59, 14, '3'),
(739, 59, 15, '1'),
(740, 59, 16, '1'),
(741, 59, 17, '0'),
(742, 59, 18, '2'),
(743, 59, 19, '3'),
(744, 59, 20, '1'),
(745, 60, 1, '0'),
(746, 60, 2, '1'),
(747, 60, 3, '2'),
(748, 60, 4, '1'),
(749, 60, 5, '1'),
(750, 60, 6, '2'),
(751, 60, 7, '2'),
(752, 60, 8, '3'),
(753, 60, 9, '3'),
(754, 60, 10, '1'),
(755, 60, 11, '2'),
(756, 60, 12, '1'),
(757, 60, 13, '3'),
(758, 60, 14, '0'),
(759, 60, 15, '2'),
(760, 60, 16, '0'),
(761, 60, 17, '2'),
(762, 60, 18, '0'),
(763, 60, 19, '3'),
(764, 60, 20, '2'),
(765, 61, 1, '0'),
(766, 61, 2, '1'),
(767, 61, 3, '1'),
(768, 61, 4, '2'),
(769, 61, 5, '3'),
(770, 61, 6, '1'),
(771, 61, 7, '2'),
(772, 61, 8, '0'),
(773, 61, 9, '3'),
(774, 61, 10, '1'),
(775, 61, 11, '0'),
(776, 61, 12, '1'),
(777, 61, 13, '0'),
(778, 61, 14, '3'),
(779, 61, 15, '1'),
(780, 61, 16, '1'),
(781, 61, 17, '0'),
(782, 61, 18, '2'),
(783, 61, 19, '3'),
(784, 61, 20, '1'),
(785, 63, 1, '0'),
(786, 63, 2, '1'),
(787, 63, 3, '1'),
(788, 63, 4, '2'),
(789, 63, 5, '3'),
(790, 63, 6, '1'),
(791, 63, 7, '2'),
(792, 63, 8, '0'),
(793, 63, 9, '3'),
(794, 63, 10, '1'),
(795, 63, 11, '0'),
(796, 63, 12, '1'),
(797, 63, 13, '0'),
(798, 63, 14, '3'),
(799, 63, 15, '1'),
(800, 63, 16, '1'),
(801, 63, 17, '0'),
(802, 63, 18, '2'),
(803, 63, 19, '3'),
(804, 63, 20, '1'),
(845, 1, 1, 'A'),
(846, 1, 2, 'B'),
(847, 1, 3, 'C'),
(848, 1, 4, 'D'),
(849, 1, 5, 'A'),
(850, 1, 6, 'B'),
(851, 1, 7, 'C'),
(852, 1, 8, 'D'),
(853, 1, 9, 'A'),
(854, 1, 10, 'B'),
(855, 1, 11, 'A'),
(856, 1, 12, 'B'),
(857, 1, 13, 'C'),
(858, 1, 14, 'D'),
(859, 1, 15, 'A'),
(860, 1, 16, 'B'),
(861, 1, 17, 'C'),
(862, 1, 18, 'D'),
(863, 1, 19, 'A'),
(864, 1, 20, 'B'),
(885, 67, 1, '0'),
(886, 67, 2, '1'),
(887, 67, 3, '2'),
(888, 67, 4, '3'),
(889, 67, 5, '2'),
(890, 67, 6, '1'),
(891, 67, 7, '0'),
(892, 67, 8, '1'),
(893, 67, 9, '2'),
(894, 67, 10, '3'),
(895, 67, 11, '2'),
(896, 67, 12, '1'),
(897, 67, 13, '0'),
(898, 67, 14, '1'),
(899, 67, 15, '2'),
(900, 67, 16, '3'),
(901, 67, 17, '2'),
(902, 67, 18, '1'),
(903, 67, 19, '0'),
(904, 67, 20, '1'),
(905, 68, 1, '0'),
(906, 68, 2, '1'),
(907, 68, 3, '2'),
(908, 68, 4, '3'),
(909, 68, 5, '2'),
(910, 68, 6, '1'),
(911, 68, 7, '0'),
(912, 68, 8, '1'),
(913, 68, 9, '2'),
(914, 68, 10, '3'),
(915, 68, 11, '2'),
(916, 68, 12, '1'),
(917, 68, 13, '0'),
(918, 68, 14, '1'),
(919, 68, 15, '2'),
(920, 68, 16, '3'),
(921, 68, 17, '2'),
(922, 68, 18, '1'),
(923, 68, 19, '1'),
(924, 68, 20, '3'),
(925, 70, 1, '0'),
(926, 70, 2, '1'),
(927, 70, 3, '2'),
(928, 70, 4, '3'),
(929, 70, 5, '2'),
(930, 70, 6, '1'),
(931, 70, 7, '0'),
(932, 70, 8, '1'),
(933, 70, 9, '2'),
(934, 70, 10, '3'),
(935, 70, 11, '2'),
(936, 70, 12, '1'),
(937, 70, 13, '2'),
(938, 70, 14, '1'),
(939, 70, 15, '2'),
(940, 70, 16, '0'),
(941, 70, 17, '0'),
(942, 70, 18, '3'),
(943, 70, 19, '3'),
(944, 70, 20, '1'),
(945, 71, 1, '0'),
(946, 71, 2, '1'),
(947, 71, 3, '1'),
(948, 71, 4, '1'),
(949, 71, 5, '2'),
(950, 71, 6, '2'),
(951, 71, 7, '2'),
(952, 71, 8, '3'),
(953, 71, 9, '3'),
(954, 71, 10, '1'),
(955, 71, 11, '0'),
(956, 71, 12, '1'),
(957, 71, 13, '3'),
(958, 71, 14, '0'),
(959, 71, 15, '2'),
(960, 71, 16, '1'),
(961, 71, 17, '3'),
(962, 71, 18, '1'),
(963, 71, 19, '1'),
(964, 71, 20, '3'),
(965, 72, 1, '0'),
(966, 72, 2, '3'),
(967, 72, 3, '3'),
(968, 72, 4, '3'),
(969, 72, 5, '2'),
(970, 72, 6, '2'),
(971, 72, 7, '0'),
(972, 72, 8, '1'),
(973, 72, 9, '3'),
(974, 72, 10, '3'),
(975, 72, 11, '1'),
(976, 72, 12, '2'),
(977, 72, 13, '0'),
(978, 72, 14, '2'),
(979, 72, 15, '2'),
(980, 72, 16, '1'),
(981, 72, 17, '2'),
(982, 72, 18, '0'),
(983, 72, 19, '2'),
(984, 72, 20, '2'),
(985, 73, 1, 'A'),
(986, 73, 2, 'D'),
(987, 73, 3, 'D'),
(988, 73, 4, 'C'),
(989, 73, 5, 'B'),
(990, 73, 6, 'D'),
(991, 73, 7, 'A'),
(992, 73, 8, 'C'),
(993, 73, 9, 'B'),
(994, 73, 10, 'C'),
(995, 73, 11, 'B'),
(996, 73, 12, 'A'),
(997, 73, 13, 'D'),
(998, 73, 14, 'C'),
(999, 73, 15, 'B'),
(1000, 73, 16, 'A'),
(1001, 73, 17, 'B'),
(1002, 73, 18, 'B'),
(1003, 73, 19, 'B'),
(1004, 73, 20, 'D'),
(1005, 75, 1, 'A'),
(1006, 75, 2, 'C'),
(1007, 75, 3, 'C'),
(1008, 75, 4, 'A'),
(1009, 75, 5, 'D'),
(1010, 75, 6, 'C'),
(1011, 75, 7, 'A'),
(1012, 75, 8, 'C'),
(1013, 75, 9, 'A'),
(1014, 75, 10, 'C'),
(1015, 75, 11, 'C'),
(1016, 75, 12, 'A'),
(1017, 75, 13, 'D'),
(1018, 75, 14, 'B'),
(1019, 75, 15, 'C'),
(1020, 75, 16, 'A'),
(1021, 75, 17, 'A'),
(1022, 75, 18, 'D'),
(1023, 75, 19, 'B'),
(1024, 75, 20, 'C'),
(1025, 76, 1, 'C'),
(1026, 76, 2, 'D'),
(1027, 76, 3, 'A'),
(1028, 76, 4, 'B'),
(1029, 76, 5, 'D'),
(1030, 76, 6, 'C'),
(1031, 76, 7, 'B'),
(1032, 76, 8, 'C'),
(1033, 76, 9, 'B'),
(1034, 76, 10, 'B'),
(1035, 76, 11, 'D'),
(1036, 76, 12, 'C'),
(1037, 76, 13, 'C'),
(1038, 76, 14, 'A'),
(1039, 76, 15, 'B'),
(1040, 76, 16, 'D'),
(1041, 76, 17, 'D'),
(1042, 76, 18, 'A'),
(1043, 76, 19, 'C'),
(1044, 76, 20, 'B'),
(1045, 77, 1, 'A'),
(1046, 77, 2, 'C'),
(1047, 77, 3, 'C'),
(1048, 77, 4, 'D'),
(1049, 77, 5, 'D'),
(1050, 77, 6, 'B'),
(1051, 77, 7, 'C'),
(1052, 77, 8, 'D'),
(1053, 77, 9, 'C'),
(1054, 77, 10, 'B'),
(1055, 77, 11, 'D'),
(1056, 77, 12, 'A'),
(1057, 77, 13, 'C'),
(1058, 77, 14, 'C'),
(1059, 77, 15, 'D'),
(1060, 77, 16, 'D'),
(1061, 77, 17, 'D'),
(1062, 77, 18, 'C'),
(1063, 77, 19, 'B'),
(1064, 77, 20, 'C'),
(1065, 79, 1, 'A'),
(1066, 79, 2, 'C'),
(1067, 79, 3, 'C'),
(1068, 79, 4, 'A'),
(1069, 79, 5, 'C'),
(1070, 79, 6, 'D'),
(1071, 79, 7, 'C'),
(1072, 79, 8, 'A'),
(1073, 79, 9, 'C'),
(1074, 79, 10, 'D'),
(1075, 79, 11, 'A'),
(1076, 79, 12, 'C'),
(1077, 79, 13, 'B'),
(1078, 79, 14, 'C'),
(1079, 79, 15, 'B'),
(1080, 79, 16, 'C'),
(1081, 79, 17, 'D'),
(1082, 79, 18, 'D'),
(1083, 79, 19, 'D'),
(1084, 79, 20, 'B'),
(1085, 80, 1, 'A'),
(1086, 80, 2, 'B'),
(1087, 80, 3, 'B'),
(1088, 80, 4, 'C'),
(1089, 80, 5, 'C'),
(1090, 80, 6, 'B'),
(1091, 80, 7, 'D'),
(1092, 80, 8, 'D'),
(1093, 80, 9, 'A'),
(1094, 80, 10, 'A'),
(1095, 80, 11, 'C'),
(1096, 80, 12, 'C'),
(1097, 80, 13, 'D'),
(1098, 80, 14, 'D'),
(1099, 80, 15, 'B'),
(1100, 80, 16, 'C'),
(1101, 80, 17, 'A'),
(1102, 80, 18, 'C'),
(1103, 80, 19, 'B'),
(1104, 80, 20, 'C'),
(1125, 82, 1, 'A'),
(1126, 82, 2, 'C'),
(1127, 82, 3, 'D'),
(1128, 82, 4, 'C'),
(1129, 82, 5, 'B'),
(1130, 82, 6, 'C'),
(1131, 82, 7, 'D'),
(1132, 82, 8, 'C'),
(1133, 82, 9, 'B'),
(1134, 82, 10, 'D'),
(1135, 82, 11, 'C'),
(1136, 82, 12, 'C'),
(1137, 82, 13, 'C'),
(1138, 82, 14, 'A'),
(1139, 82, 15, 'C'),
(1140, 82, 16, 'B'),
(1141, 82, 17, 'C'),
(1142, 82, 18, 'B'),
(1143, 82, 19, 'A'),
(1144, 82, 20, 'D'),
(1145, 83, 1, 'D'),
(1146, 83, 2, 'D'),
(1147, 83, 3, 'D'),
(1148, 83, 4, 'D'),
(1149, 83, 5, 'C'),
(1150, 83, 6, 'C'),
(1151, 83, 7, 'C'),
(1152, 83, 8, 'C'),
(1153, 83, 9, 'A'),
(1154, 83, 10, 'A'),
(1155, 83, 11, 'A'),
(1156, 83, 12, 'A'),
(1157, 83, 13, 'C'),
(1158, 83, 14, 'C'),
(1159, 83, 15, 'C'),
(1160, 83, 16, 'C'),
(1161, 83, 17, 'A'),
(1162, 83, 18, 'A'),
(1163, 83, 19, 'A'),
(1164, 83, 20, 'A'),
(1165, 84, 1, 'B'),
(1166, 84, 2, 'C'),
(1167, 84, 3, 'D'),
(1168, 84, 4, 'C'),
(1169, 84, 5, 'C'),
(1170, 84, 6, 'A'),
(1171, 84, 7, 'A'),
(1172, 84, 8, 'B'),
(1173, 84, 9, 'C'),
(1174, 84, 10, 'C'),
(1175, 84, 11, 'D'),
(1176, 84, 12, 'B'),
(1177, 84, 13, 'C'),
(1178, 84, 14, 'A'),
(1179, 84, 15, 'C'),
(1180, 84, 16, 'A'),
(1181, 84, 17, 'B'),
(1182, 84, 18, 'D'),
(1183, 84, 19, 'B'),
(1184, 84, 20, 'D'),
(1185, 86, 1, 'A'),
(1186, 86, 2, 'A'),
(1187, 86, 3, 'C'),
(1188, 86, 4, 'B'),
(1189, 86, 5, 'B'),
(1190, 86, 6, 'B'),
(1191, 86, 7, 'A'),
(1192, 86, 8, 'A'),
(1193, 86, 9, 'D'),
(1194, 86, 10, 'A'),
(1195, 86, 11, 'A'),
(1196, 86, 12, 'A'),
(1197, 86, 13, 'B'),
(1198, 86, 14, 'B'),
(1199, 86, 15, 'A'),
(1200, 86, 16, 'B'),
(1201, 86, 17, 'D'),
(1202, 86, 18, 'B'),
(1203, 86, 19, 'D'),
(1204, 86, 20, 'C'),
(1205, 87, 1, 'B'),
(1206, 87, 2, 'C'),
(1207, 87, 3, 'B'),
(1208, 87, 4, 'A'),
(1209, 87, 5, 'C'),
(1210, 87, 6, 'C'),
(1211, 87, 7, 'A'),
(1212, 87, 8, 'D'),
(1213, 87, 9, 'C'),
(1214, 87, 10, 'C'),
(1215, 87, 11, 'C'),
(1216, 87, 12, 'B'),
(1217, 87, 13, 'D'),
(1218, 87, 14, 'C'),
(1219, 87, 15, 'B'),
(1220, 87, 16, 'B'),
(1221, 87, 17, 'A'),
(1222, 87, 18, 'C'),
(1223, 87, 19, 'A'),
(1224, 87, 20, 'C'),
(1225, 88, 1, 'A'),
(1226, 88, 2, 'B'),
(1227, 88, 3, 'C'),
(1228, 88, 4, 'A'),
(1229, 88, 5, 'B'),
(1230, 88, 6, 'B'),
(1231, 88, 7, 'C'),
(1232, 88, 8, 'D'),
(1233, 88, 9, 'A'),
(1234, 88, 10, 'C'),
(1235, 88, 11, 'A'),
(1236, 88, 12, 'C'),
(1237, 88, 13, 'B'),
(1238, 88, 14, 'C'),
(1239, 88, 15, 'C'),
(1240, 88, 16, 'D'),
(1241, 88, 17, 'C'),
(1242, 88, 18, 'B'),
(1243, 88, 19, 'C'),
(1244, 88, 20, 'B'),
(1265, 90, 1, 'A'),
(1266, 90, 2, 'B'),
(1267, 90, 3, 'C'),
(1268, 90, 4, 'C'),
(1269, 90, 5, 'B'),
(1270, 90, 6, 'C'),
(1271, 90, 7, 'D'),
(1272, 90, 8, 'C'),
(1273, 90, 9, 'B'),
(1274, 90, 10, 'C'),
(1275, 90, 11, 'B'),
(1276, 90, 12, 'C'),
(1277, 90, 13, 'C'),
(1278, 90, 14, 'A'),
(1279, 90, 15, 'C'),
(1280, 90, 16, 'C'),
(1281, 90, 17, 'A'),
(1282, 90, 18, 'C'),
(1283, 90, 19, 'C'),
(1284, 90, 20, 'D'),
(1285, 91, 1, 'A'),
(1286, 91, 2, 'C'),
(1287, 91, 3, 'B'),
(1288, 91, 4, 'A'),
(1289, 91, 5, 'D'),
(1290, 91, 6, 'C'),
(1291, 91, 7, 'C'),
(1292, 91, 8, 'B'),
(1293, 91, 9, 'A'),
(1294, 91, 10, 'A'),
(1295, 91, 11, 'C'),
(1296, 91, 12, 'B'),
(1297, 91, 13, 'D'),
(1298, 91, 14, 'D'),
(1299, 91, 15, 'C'),
(1300, 91, 16, 'A'),
(1301, 91, 17, 'B'),
(1302, 91, 18, 'C'),
(1303, 91, 19, 'C'),
(1304, 91, 20, 'A'),
(1305, 93, 1, 'A'),
(1306, 93, 2, 'D'),
(1307, 93, 3, 'D'),
(1308, 93, 4, 'A'),
(1309, 93, 5, 'B'),
(1310, 93, 6, 'D'),
(1311, 93, 7, 'A'),
(1312, 93, 8, 'B'),
(1313, 93, 9, 'D'),
(1314, 93, 10, 'D'),
(1315, 93, 11, 'A'),
(1316, 93, 12, 'C'),
(1317, 93, 13, 'C'),
(1318, 93, 14, 'A'),
(1319, 93, 15, 'B'),
(1320, 93, 16, 'B'),
(1321, 93, 17, 'A'),
(1322, 93, 18, 'C'),
(1323, 93, 19, 'D'),
(1324, 93, 20, 'C');

-- --------------------------------------------------------

--
-- Table structure for table `omr_exams`
--

CREATE TABLE `omr_exams` (
  `id` int(11) NOT NULL,
  `exam_name` varchar(200) NOT NULL,
  `total_questions` int(11) DEFAULT NULL,
  `options_per_question` int(11) DEFAULT NULL,
  `marks_per_question` float DEFAULT NULL,
  `faculty_id` int(11) NOT NULL,
  `created_at` datetime DEFAULT NULL,
  `status` varchar(20) DEFAULT 'CREATED',
  `subject_code` varchar(20) DEFAULT 'N/A',
  `exam_date` date DEFAULT NULL,
  `duration` int(11) DEFAULT NULL
) ENGINE=InnoDB DEFAULT CHARSET=utf8mb4 COLLATE=utf8mb4_general_ci;

--
-- Dumping data for table `omr_exams`
--

INSERT INTO `omr_exams` (`id`, `exam_name`, `total_questions`, `options_per_question`, `marks_per_question`, `faculty_id`, `created_at`, `status`, `subject_code`, `exam_date`, `duration`) VALUES
(1, 'OMR Practice Test', 10, 4, 1, 2, '2026-03-04 17:27:52', 'CREATED', 'N/A', NULL, NULL),
(2, 'Mid Term OMR', 10, 4, 1, 2, '2026-03-04 18:39:04', 'CREATED', 'N/A', NULL, NULL),
(3, 'OMR_TEST', 10, 4, 1, 82, '2026-03-06 08:31:02', 'CREATED', 'N/A', NULL, NULL),
(4, 'OMR_TEST', 10, 4, 1, 82, '2026-03-06 09:15:28', 'CREATED', 'N/A', NULL, NULL),
(5, 'OMR_TEST', 10, 4, 1, 82, '2026-03-07 09:16:26', 'CREATED', 'N/A', NULL, NULL),
(6, 'OMR_TEST', 10, 4, 1, 82, '2026-03-07 09:17:07', 'CREATED', 'N/A', NULL, NULL),
(7, 'testing omr', 10, 4, 1, 82, '2026-03-07 09:22:47', 'CREATED', 'N/A', NULL, NULL),
(8, 'testingfaculty', 10, 4, NULL, 82, '2026-03-10 05:01:16', 'CREATED', 'N/A', NULL, NULL),
(9, 'testingfaculty', 10, 4, 1, 82, '2026-03-10 05:01:42', 'CREATED', 'N/A', NULL, NULL),
(10, 'one', 10, 4, NULL, 82, '2026-03-10 05:13:44', 'CREATED', 'N/A', NULL, NULL),
(11, 'one', 10, 4, 1, 82, '2026-03-10 05:14:08', 'CREATED', 'N/A', NULL, NULL),
(12, 'one', 10, 4, 1, 82, '2026-03-10 05:15:24', 'CREATED', 'N/A', NULL, NULL),
(13, 'test-1', 10, 4, NULL, 92, '2026-03-10 05:30:31', 'CREATED', 'N/A', NULL, NULL),
(14, 'test-1', 10, 4, 1, 92, '2026-03-10 05:30:48', 'CREATED', 'N/A', NULL, NULL),
(15, 'testing s', 10, 4, NULL, 92, '2026-03-10 05:40:47', 'CREATED', 'N/A', NULL, NULL),
(16, 'testing s', 10, 4, 1, 92, '2026-03-10 05:41:00', 'CREATED', 'N/A', NULL, NULL),
(17, 'testing omr', 10, 4, NULL, 92, '2026-03-10 05:49:55', 'CREATED', 'N/A', NULL, NULL),
(18, 'testing omr', 10, 4, 1, 92, '2026-03-10 05:50:08', 'CREATED', 'N/A', NULL, NULL),
(19, 'CN OMR TEST', 5, 4, 2, 2, '2026-03-11 20:30:47', 'CREATED', 'N/A', NULL, NULL),
(20, 'CN OMR TEST', 10, 4, 2, 2, '2026-03-11 20:32:08', 'CREATED', 'N/A', NULL, NULL),
(21, 'CN OMR TEST', 10, 4, 2, 2, '2026-03-11 20:39:46', 'CREATED', 'N/A', NULL, NULL),
(22, 'OMR TEST', 10, 4, 2, 2, '2026-03-12 03:19:18', 'CREATED', 'N/A', NULL, NULL),
(23, 'OMR TESTING', 10, 4, 2, 2, '2026-03-12 03:39:14', 'CREATED', 'N/A', NULL, NULL),
(24, 'OMR TESTING1', 10, 4, 2, 2, '2026-03-12 03:45:34', 'CREATED', 'N/A', NULL, NULL),
(25, 'mid exam', 10, 4, NULL, 15, '2026-03-12 08:05:15', 'CREATED', 'N/A', NULL, NULL),
(26, 'mid exam', 10, 4, 2, 15, '2026-03-12 08:07:10', 'CREATED', 'N/A', NULL, NULL),
(27, 'last_test', 10, 4, NULL, 15, '2026-03-14 03:22:18', 'CREATED', 'N/A', NULL, NULL),
(28, 'last_test', 10, 4, 2, 15, '2026-03-14 03:22:32', 'CREATED', 'N/A', NULL, NULL),
(29, 'testingomrreal', 20, 4, NULL, 15, '2026-03-15 16:52:43', 'CREATED', 'N/A', NULL, NULL),
(30, 'testingomrreal', 20, 4, 2, 15, '2026-03-15 16:55:23', 'CREATED', 'N/A', NULL, NULL),
(31, 'twentyomr', 20, 4, NULL, 92, '2026-03-15 18:03:53', 'CREATED', 'N/A', NULL, NULL),
(32, 'twentyomr', 20, 4, 2, 92, '2026-03-15 18:04:07', 'CREATED', 'N/A', NULL, NULL),
(33, 'twentyomr', 20, 4, 2, 92, '2026-03-15 18:38:26', 'CREATED', 'N/A', NULL, NULL),
(34, 'twentyomr', 20, 4, 2, 92, '2026-03-15 18:59:11', 'CREATED', 'N/A', NULL, NULL),
(35, 'surendratest', 20, 4, NULL, 92, '2026-03-15 19:25:59', 'CREATED', 'N/A', NULL, NULL),
(36, 'surendratest', 20, 4, 2, 92, '2026-03-15 19:26:22', 'CREATED', 'N/A', NULL, NULL),
(37, 'surendratest', 20, 4, 2, 92, '2026-03-15 19:55:18', 'CREATED', 'N/A', NULL, NULL),
(38, 'testing s', 20, 4, 1, 92, '2026-03-15 19:56:49', 'CREATED', 'N/A', NULL, NULL),
(39, 'testing s', 20, 4, 1, 92, '2026-03-15 19:57:18', 'CREATED', 'N/A', NULL, NULL),
(40, 'surendratest', 20, 4, 2, 92, '2026-03-15 20:29:35', 'CREATED', 'N/A', NULL, NULL),
(41, 'OMR_test1', 20, 4, NULL, 14, '2026-03-16 04:25:58', 'CREATED', 'N/A', NULL, NULL),
(42, 'OMR_test1', 20, 4, 2, 14, '2026-03-16 04:26:19', 'CREATED', 'N/A', NULL, NULL),
(43, 'OMR_test1', 20, 4, 2, 14, '2026-03-16 04:52:37', 'CREATED', 'N/A', NULL, NULL),
(44, 'OMR_2', 20, 4, NULL, 14, '2026-03-16 05:03:17', 'CREATED', 'N/A', NULL, NULL),
(45, 'OMR_2', 20, 4, 2, 14, '2026-03-16 05:03:30', 'CREATED', 'N/A', NULL, NULL),
(46, 'OMR_2', 20, 4, 2, 14, '2026-03-16 05:25:59', 'CREATED', 'N/A', NULL, NULL),
(47, 'SPIC', 20, 4, NULL, 14, '2026-03-16 06:52:37', 'CREATED', 'N/A', NULL, NULL),
(48, 'SPIC', 20, 4, 2, 14, '2026-03-16 06:52:48', 'CREATED', 'N/A', NULL, NULL),
(49, 'Midterm OMR', 20, NULL, 2, 2, '2026-03-16 07:10:46', 'CREATED', 'N/A', NULL, NULL),
(50, 'QUIZ-1234', 20, 4, 2, 5, '2026-03-16 19:11:55', 'CREATED', 'N/A', NULL, NULL),
(51, 'QUIZ-1234', 20, 4, 2, 5, '2026-03-16 19:29:59', 'CREATED', 'N/A', NULL, NULL),
(52, 'computer', 20, 4, 2, 5, '2026-03-16 19:48:02', 'CREATED', 'N/A', NULL, NULL),
(53, 'computer', 20, 4, 2, 5, '2026-03-17 02:52:41', 'CREATED', 'N/A', NULL, NULL),
(54, 'test ing 2', 20, 4, 2, 5, '2026-03-17 03:02:47', 'CREATED', 'N/A', NULL, 0),
(55, 'test ing 2', 20, 4, 2, 5, '2026-03-17 03:03:05', 'CREATED', 'N/A', NULL, NULL),
(56, 'test ing 2', 20, 4, 2, 5, '2026-03-17 03:13:31', 'CREATED', 'N/A', NULL, NULL),
(57, 'Test OMR', 20, 4, 2, 5, '2026-03-17 04:16:52', 'CREATED', 'N/A', NULL, NULL),
(58, 'Final-test', 20, 4, 1, 5, '2026-03-17 04:49:07', 'CREATED', 'N/A', NULL, 0),
(59, 'Final-test', 20, 4, 1, 5, '2026-03-17 04:49:19', 'CREATED', 'N/A', NULL, NULL),
(60, 'Final-test', 20, 4, 1, 5, '2026-03-17 04:56:35', 'CREATED', 'N/A', NULL, NULL),
(61, 'Final-test', 20, 4, 1, 5, '2026-03-17 05:05:50', 'CREATED', 'N/A', NULL, NULL),
(62, 'result1', 20, 4, 1, 5, '2026-03-17 05:24:07', 'CREATED', 'N/A', NULL, 0),
(63, 'result1', 20, 4, 1, 5, '2026-03-17 05:24:20', 'CREATED', 'N/A', NULL, NULL),
(64, 'Data Structures OMR Test', 10, 4, 1, 94, '2026-03-23 05:21:19', 'CREATED', 'N/A', NULL, NULL),
(65, 'Data  OMR Test', 10, 4, 1, 94, '2026-03-23 07:59:09', 'CREATED', 'N/A', NULL, NULL),
(66, 'OMR996', 20, 4, 1, 5, '2026-03-23 09:26:10', 'CREATED', 'N/A', NULL, 0),
(67, 'OMR996', 20, 4, 1, 5, '2026-03-23 09:26:28', 'CREATED', 'N/A', NULL, NULL),
(68, 'OMR996', 20, 4, 1, 5, '2026-03-23 15:01:37', 'CREATED', 'N/A', NULL, NULL),
(69, 'OCR FINAL', 20, 4, 1, 5, '2026-03-23 15:28:16', 'CREATED', 'N/A', NULL, 0),
(70, 'OCR FINAL', 20, 4, 1, 5, '2026-03-23 15:28:31', 'CREATED', 'N/A', NULL, NULL),
(71, 'OCR FINAL', 20, 4, 1, 5, '2026-03-23 15:43:36', 'CREATED', 'N/A', NULL, NULL),
(72, 'OCR FINAL', 20, 4, 1, 5, '2026-03-23 16:15:23', 'CREATED', 'N/A', NULL, NULL),
(73, 'OCR FINAL', 20, 4, 1, 5, '2026-03-23 17:20:31', 'CREATED', 'N/A', NULL, NULL),
(74, 'testingfor OMR', 20, 4, 1, 5, '2026-03-23 17:51:05', 'CREATED', 'N/A', NULL, 0),
(75, 'testingfor OMR', 20, 4, 1, 5, '2026-03-23 17:51:15', 'CREATED', 'N/A', NULL, NULL),
(76, 'testingfor OMR', 20, 4, 1, 5, '2026-03-23 18:06:30', 'CREATED', 'N/A', NULL, NULL),
(77, 'testingfor OMR', 20, 4, 1, 5, '2026-03-23 18:33:10', 'CREATED', 'N/A', NULL, NULL),
(78, 'surendra_OmR', 20, 4, 1, 5, '2026-03-23 18:50:27', 'CREATED', 'N/A', NULL, 0),
(79, 'surendra_OmR', 20, 4, 1, 5, '2026-03-23 18:50:50', 'CREATED', 'N/A', NULL, NULL),
(80, 'surendra_OmR', 20, 4, 1, 5, '2026-03-23 19:12:43', 'CREATED', 'N/A', NULL, NULL),
(81, 'namecoming', 20, 4, 1, 5, '2026-03-23 19:34:16', 'CREATED', 'N/A', NULL, 0),
(82, 'namecoming', 20, 4, 1, 5, '2026-03-23 19:34:29', 'CREATED', 'N/A', NULL, NULL),
(83, 'namecoming', 20, 4, 1, 5, '2026-03-23 19:36:17', 'CREATED', 'N/A', NULL, NULL),
(84, 'namecoming', 20, 4, 1, 5, '2026-03-23 19:39:48', 'CREATED', 'N/A', NULL, NULL),
(85, 'new_test', 20, 4, 1, 5, '2026-03-27 05:53:42', 'CREATED', 'N/A', NULL, 0),
(86, 'new_test', 20, 4, 1, 5, '2026-03-27 05:54:00', 'CREATED', 'N/A', NULL, NULL),
(87, 'new_test', 20, 4, 1, 5, '2026-03-27 06:01:23', 'CREATED', 'N/A', NULL, NULL),
(88, 'new_test', 20, 4, 1, 5, '2026-03-27 06:13:23', 'CREATED', 'N/A', NULL, NULL),
(89, 'omr_testing', 20, 4, 1, 12, '2026-03-27 19:30:40', 'CREATED', 'N/A', NULL, 0),
(90, 'omr_testing', 20, 4, 1, 12, '2026-03-27 19:30:52', 'CREATED', 'N/A', NULL, NULL),
(91, 'omrtesting', 20, 4, 1, 10, '2026-03-29 18:51:54', 'CREATED', 'ome5787', '2026-03-30', 49),
(92, 'omr3939', 20, 4, 1, 21, '2026-03-29 19:07:33', 'CREATED', 'N/A', NULL, 0),
(93, 'omr3939', 20, 4, 1, 21, '2026-03-29 19:07:43', 'CREATED', 'N/A', NULL, NULL);

-- --------------------------------------------------------

--
-- Table structure for table `omr_result`
--

CREATE TABLE `omr_result` (
  `id` int(11) NOT NULL,
  `exam_id` int(11) DEFAULT NULL,
  `student_roll` varchar(50) DEFAULT NULL,
  `full_name` varchar(150) DEFAULT NULL,
  `score` float DEFAULT NULL,
  `percentage` float DEFAULT NULL,
  `grade` varchar(5) DEFAULT NULL
) ENGINE=InnoDB DEFAULT CHARSET=utf8mb4 COLLATE=utf8mb4_general_ci;

-- --------------------------------------------------------

--
-- Table structure for table `omr_results`
--

CREATE TABLE `omr_results` (
  `id` int(11) NOT NULL,
  `exam_id` int(11) DEFAULT NULL,
  `student_roll` varchar(50) DEFAULT NULL,
  `score` float DEFAULT NULL,
  `percentage` float DEFAULT NULL,
  `grade` varchar(5) DEFAULT NULL,
  `created_at` datetime DEFAULT NULL,
  `full_name` varchar(150) DEFAULT NULL
) ENGINE=InnoDB DEFAULT CHARSET=utf8mb4 COLLATE=utf8mb4_general_ci;

--
-- Dumping data for table `omr_results`
--

INSERT INTO `omr_results` (`id`, `exam_id`, `student_roll`, `score`, `percentage`, `grade`, `created_at`, `full_name`) VALUES
(59, 16, 'Screenshot_20260302-143049', 0, 0, 'F', '2026-03-10 05:41:43', NULL),
(60, 16, 'Screenshot_20260302-143058', 0, 0, 'F', '2026-03-10 05:41:44', NULL),
(61, 16, 'Screenshot_20260302-143106', 0, 0, 'F', '2026-03-10 05:41:46', NULL),
(62, 16, 'Screenshot_20260302-143128', 0, 0, 'F', '2026-03-10 05:41:47', NULL),
(63, 16, 'Screenshot_20260302-143135', 0, 0, 'F', '2026-03-10 05:41:48', NULL),
(64, 16, 'Screenshot_20260302-143142', 0, 0, 'F', '2026-03-10 05:41:49', NULL),
(65, 16, 'Screenshot_20260302-143201', 0, 0, 'F', '2026-03-10 05:41:50', NULL),
(66, 16, 'Screenshot_20260302-143208', 0, 0, 'F', '2026-03-10 05:41:51', NULL),
(67, 16, 'Screenshot_20260302-143215', 0, 0, 'F', '2026-03-10 05:41:52', NULL),
(68, 16, 'Screenshot_20260302-143224', 0, 0, 'F', '2026-03-10 05:41:53', NULL),
(69, 18, 'Screenshot_20260302-143231', 3, 30, 'F', '2026-03-10 05:51:00', NULL),
(70, 18, 'Screenshot_20260302-143224', 3, 30, 'F', '2026-03-10 05:51:01', NULL),
(71, 18, 'Screenshot_20260302-143215', 3, 30, 'F', '2026-03-10 05:51:02', NULL),
(72, 18, 'Screenshot_20260302-143201', 4, 40, 'D', '2026-03-10 05:51:03', NULL),
(73, 18, 'Screenshot_20260302-143208', 3, 30, 'F', '2026-03-10 05:51:04', NULL),
(74, 18, 'Screenshot_20260302-143135', 3, 30, 'F', '2026-03-10 05:51:05', NULL),
(75, 18, 'Screenshot_20260302-143142', 3, 30, 'F', '2026-03-10 05:51:06', NULL),
(76, 18, 'Screenshot_20260302-143106', 3, 30, 'F', '2026-03-10 05:51:07', NULL),
(77, 18, 'Screenshot_20260302-143128', 3, 30, 'F', '2026-03-10 05:51:08', NULL),
(78, 18, 'Screenshot_20260302-143049', 3, 30, 'F', '2026-03-10 05:51:09', NULL),
(79, 23, 'CS008', 0, 0, 'F', '2026-03-12 03:40:33', 'Suri Surendra'),
(80, 23, 'CS009', 8, 40, 'D', '2026-03-12 03:40:34', 'Suri Surendra'),
(81, 24, 'CS005', 8, 40, 'D', '2026-03-12 03:46:53', 'Vishnu Prasad'),
(82, 24, 'CS006', 4, 20, 'F', '2026-03-12 03:46:53', 'Vishnu Prasad'),
(83, 26, 'CS009', 0, 0, 'F', '2026-03-12 08:16:25', 'Suri Surendra'),
(86, 28, 'IMG-20260314-WA0010', 2, 10, 'F', '2026-03-14 03:23:49', 'Unknown'),
(88, 28, 'IMG-20260314-WA0008', 0, 0, 'F', '2026-03-14 03:23:50', 'Unknown'),
(89, 28, 'IMG-20260314-WA0005', 0, 0, 'F', '2026-03-14 03:23:50', 'Unknown'),
(90, 28, 'IMG-20260314-WA0006', 4, 20, 'F', '2026-03-14 03:23:50', 'Unknown'),
(91, 28, 'IMG-20260314-WA0003', 0, 0, 'F', '2026-03-14 03:23:51', 'Unknown'),
(92, 28, 'IMG-20260314-WA0009', 2, 10, 'F', '2026-03-14 03:23:51', 'Unknown'),
(93, 28, 'IMG-20260314-WA0007', 4, 20, 'F', '2026-03-14 03:23:51', 'Unknown'),
(94, 30, '1', 0, 0, 'F', '2026-03-15 16:57:33', 'Unknown'),
(95, 30, '0', 0, 0, 'F', '2026-03-15 16:57:38', 'Unknown'),
(96, 30, '11', 0, 0, 'F', '2026-03-15 16:58:01', 'Unknown'),
(97, 32, '1', 0, 0, 'F', '2026-03-15 18:06:22', 'Unknown'),
(98, 32, '0', 8, 20, 'F', '2026-03-15 18:06:23', 'Unknown'),
(99, 32, '11', 16, 40, 'D', '2026-03-15 18:06:33', 'Unknown'),
(100, 33, '1', 0, 0, 'F', '2026-03-15 18:41:54', 'Unknown'),
(101, 33, '0', 0, 0, 'F', '2026-03-15 18:41:56', 'Unknown'),
(102, 33, '11', 0, 0, 'F', '2026-03-15 18:42:07', 'Unknown'),
(103, 36, '1', 0, 0, 'F', '2026-03-15 19:27:23', 'Unknown'),
(104, 36, '0', 0, 0, 'F', '2026-03-15 19:27:24', 'Unknown'),
(105, 36, '11', 0, 0, 'F', '2026-03-15 19:27:29', 'Unknown'),
(106, 37, '10000000000', 0, 0, 'F', '2026-03-15 19:56:05', 'Unknown'),
(107, 37, '10090000000', 0, 0, 'F', '2026-03-15 19:56:06', 'Unknown'),
(108, 37, '000', 0, 0, 'F', '2026-03-15 19:56:06', 'Unknown'),
(109, 39, '1', 0, 0, 'F', '2026-03-15 19:57:53', 'Unknown'),
(110, 39, '0', 0, 0, 'F', '2026-03-15 19:57:54', 'Unknown'),
(111, 39, '11', 0, 0, 'F', '2026-03-15 19:57:58', 'Unknown'),
(112, 45, 'C5001', 18, 45, 'D', '2026-03-16 05:05:00', 'Unknown'),
(113, 45, 'CS002', 18, 45, 'D', '2026-03-16 05:05:28', 'Arjun Kumar'),
(114, 45, 'CS003', 6, 15, 'F', '2026-03-16 05:06:39', 'Arjun Kumar'),
(122, 48, 'C5001', 24, 60, 'B', '2026-03-16 06:54:15', 'C5001'),
(123, 48, 'CS002', 10, 25, 'F', '2026-03-16 06:54:43', 'Arjun Kumar'),
(124, 48, 'CS003', 8, 20, 'F', '2026-03-16 06:55:47', 'Arjun Kumar'),
(125, 49, 'CS003', 40, 100, 'A+', '2026-03-16 07:25:11', 'Arjun Kumar'),
(126, 49, 'CS050011', 24, 60, 'B', '2026-03-16 07:25:26', 'CS050011'),
(127, 49, 'CS002', 40, 100, 'A+', '2026-03-16 07:25:40', 'Arjun Kumar'),
(133, 49, 'CSC5002', 40, 100, 'A+', '2026-03-16 07:36:25', 'CSC5002'),
(137, 50, 'CS001', 16, 40, 'F', '2026-03-16 20:18:26', 'Arjun Kumar'),
(138, 50, 'CSC5002', 20, 50, 'C', '2026-03-16 20:18:47', 'CSC5002'),
(139, 50, 'CS002', 4, 10, 'F', '2026-03-16 20:29:53', 'Arjun Kumar'),
(140, 52, 'CS001', 2, 5, 'F', '2026-03-16 20:31:56', 'Arjun Kumar'),
(141, 52, 'CS002', 0, 0, 'F', '2026-03-16 20:32:11', 'Arjun Kumar'),
(145, 52, 'CS003', 2, 5, 'F', '2026-03-16 21:00:13', 'Arjun Kumar'),
(150, 57, 'CS010', 12, 30, 'F', '2026-03-17 04:39:39', 'Karthik Reddy'),
(151, 57, 'CS011', 0, 0, 'F', '2026-03-17 04:39:40', 'Karthik Reddy'),
(152, 57, 'CS012', 12, 30, 'F', '2026-03-17 04:39:40', 'Karthik Reddy'),
(153, 63, 'CS012', 0, 0, 'F', '2026-03-17 05:25:20', 'Karthik Reddy'),
(154, 63, 'CS011', 0, 0, 'F', '2026-03-17 05:25:20', 'Karthik Reddy'),
(155, 63, 'CS010', 0, 0, 'F', '2026-03-17 05:25:21', 'Karthik Reddy'),
(156, 1, 'SHEET1', 5, 50, 'C', '2026-03-23 05:25:05', 'sheet1'),
(157, 1, 'SHEETS2', 9, 90, 'A+', '2026-03-23 05:25:05', 'sheets2'),
(158, 1, 'CS007', 0, 0, 'F', '2026-03-23 06:52:12', 'Suri Surendra'),
(159, 1, 'CSOO1', 10, 100, 'A+', '2026-03-23 08:01:16', 'CSOO1'),
(160, 1, 'CS003', 5, 50, 'C', '2026-03-23 08:01:16', 'Arjun Kumar'),
(161, 67, 'CSIMG_20260316_130027_809', 0, 0, 'F', '2026-03-23 09:31:18', 'CSIMG_20260316_130027_809'),
(162, 67, 'CSSS1I1LLLL', 0, 0, 'F', '2026-03-23 09:31:18', 'CSSS1I1LLLL'),
(163, 67, 'CSIMG_20260316_130006_688', 0, 0, 'F', '2026-03-23 09:31:18', 'CSIMG_20260316_130006_688'),
(164, 68, 'CSSS1I1LLLL', 0, 0, 'F', '2026-03-23 15:02:36', 'CSSS1I1LLLL'),
(165, 68, 'CSIMG_20260316_130006_688', 0, 0, 'F', '2026-03-23 15:02:36', 'CSIMG_20260316_130006_688'),
(166, 68, 'CSIMG_20260316_130027_809', 0, 0, 'F', '2026-03-23 15:02:36', 'CSIMG_20260316_130027_809'),
(167, 70, 'CSSS1I1LLLL', 0, 0, 'F', '2026-03-23 15:29:03', 'CSSS1I1LLLL'),
(168, 70, 'CSIMG_20260316_130027_809', 0, 0, 'F', '2026-03-23 15:29:04', 'CSIMG_20260316_130027_809'),
(169, 70, 'CSIMG_20260316_130006_688', 0, 0, 'F', '2026-03-23 15:29:04', 'CSIMG_20260316_130006_688'),
(170, 71, 'CSIMG_20260316_125940_760', 0, 0, 'F', '2026-03-23 15:44:06', 'CSIMG_20260316_125940_760'),
(171, 71, 'CSS002', 0, 0, 'F', '2026-03-23 15:44:07', 'CSS002'),
(172, 71, 'CSIMG_20260316_130006_688', 4, 20, 'F', '2026-03-23 15:44:07', 'CSIMG_20260316_130006_688'),
(173, 72, 'CSIMG_20260316_125940_760', 0, 0, 'F', '2026-03-23 16:16:07', 'CSIMG_20260316_125940_760'),
(174, 72, 'CSIMG_20260316_130027_809', 0, 0, 'F', '2026-03-23 16:16:07', 'CSIMG_20260316_130027_809'),
(175, 72, 'CSIMG_20260316_130006_688', 0, 0, 'F', '2026-03-23 16:16:07', 'CSIMG_20260316_130006_688'),
(176, 73, 'CSCWZT265', 0, 0, 'F', '2026-03-23 17:22:04', 'CSCWZT265'),
(177, 73, 'CSAEB21', 2, 10, 'F', '2026-03-23 17:22:42', 'CSAEB21'),
(178, 73, 'CSRC85', 1, 5, 'F', '2026-03-23 17:22:42', 'CSRC85'),
(179, 77, 'CSIMG_20260316_125940_760', 0, 0, 'F', '2026-03-23 18:33:45', 'CSIMG_20260316_125940_760'),
(180, 77, 'CSIMG_20260316_130027_809', 0, 0, 'F', '2026-03-23 18:33:45', 'CSIMG_20260316_130027_809'),
(181, 77, 'CSIMG_20260316_130006_688', 0, 0, 'F', '2026-03-23 18:33:45', 'CSIMG_20260316_130006_688'),
(182, 80, 'CSIMG_20260316_130027_809', 10, 50, 'C', '2026-03-23 19:13:13', 'CSIMG_20260316_130027_809'),
(183, 84, 'CS0', 2, 10, 'F', '2026-03-23 19:40:24', 'CS0'),
(184, 84, 'CSIMG_20260316_130027_809', 5, 25, 'F', '2026-03-23 19:40:24', 'CSIMG_20260316_130027_809'),
(185, 88, 'CSSLEE', 1, 5, 'F', '2026-03-27 06:18:23', 'CSSLEE'),
(186, 90, 'CSSTOT', 7, 35, 'F', '2026-03-27 19:31:48', 'CSSTOT'),
(187, 90, 'CS002', 7, 35, 'F', '2026-03-27 19:44:15', 'Arjun Kumar'),
(188, 90, 'CS003', 7, 35, 'F', '2026-03-27 19:44:15', 'Arjun Kumar'),
(189, 91, 'CS002', 6, 30, 'F', '2026-03-29 18:53:51', 'Arjun Kumar'),
(190, 91, 'CS004', 5, 25, 'F', '2026-03-29 18:53:51', 'Vishnu Prasad'),
(191, 93, 'CS002', 5, 25, 'F', '2026-03-29 19:08:34', 'Arjun Kumar');

-- --------------------------------------------------------

--
-- Table structure for table `omr_sheets`
--

CREATE TABLE `omr_sheets` (
  `id` int(11) NOT NULL,
  `exam_id` int(11) DEFAULT NULL,
  `student_roll` varchar(50) DEFAULT NULL,
  `sheet_path` varchar(200) DEFAULT NULL,
  `evaluated` tinyint(1) DEFAULT NULL
) ENGINE=InnoDB DEFAULT CHARSET=utf8mb4 COLLATE=utf8mb4_general_ci;

--
-- Dumping data for table `omr_sheets`
--

INSERT INTO `omr_sheets` (`id`, `exam_id`, `student_roll`, `sheet_path`, `evaluated`) VALUES
(1, 1, 'unknown', 'uploads/omr_sheets\\CSA001.png', 0),
(2, 1, 'unknown', 'uploads/omr_sheets\\CSA002.png', 0),
(3, 1, 'unknown', 'uploads/omr_sheets\\CSA003.png', 0),
(4, 1, 'unknown', 'uploads/omr_sheets\\CSA004.png', 0),
(5, 1, 'unknown', 'uploads/omr_sheets\\CSA005.png', 0),
(6, 2, 'CSA001', 'uploads\\omr_sheets\\CSA001.pdf', 0),
(7, 2, 'CSA002', 'uploads\\omr_sheets\\CSA002.png', 0),
(8, 2, 'omr_sheet_3', 'uploads\\omr_sheets\\omr_sheet_3.png', 0),
(9, 2, 'CSA004', 'uploads\\omr_sheets\\CSA004.png', 0),
(10, 2, 'CSA005', 'uploads\\omr_sheets\\CSA005.png', 0),
(11, 4, 'Screenshot_20260302-143049', 'uploads\\omr_sheets\\Screenshot_20260302-143049.jpg', 0),
(12, 4, 'Screenshot_20260302-143058', 'uploads\\omr_sheets\\Screenshot_20260302-143058.jpg', 0),
(13, 4, 'Screenshot_20260302-143106', 'uploads\\omr_sheets\\Screenshot_20260302-143106.jpg', 0),
(14, 4, 'Screenshot_20260302-143128', 'uploads\\omr_sheets\\Screenshot_20260302-143128.jpg', 0),
(15, 4, 'Screenshot_20260302-143135', 'uploads\\omr_sheets\\Screenshot_20260302-143135.jpg', 0),
(16, 4, 'Screenshot_20260302-143142', 'uploads\\omr_sheets\\Screenshot_20260302-143142.jpg', 0),
(17, 4, 'Screenshot_20260302-143201', 'uploads\\omr_sheets\\Screenshot_20260302-143201.jpg', 0),
(18, 4, 'Screenshot_20260302-143208', 'uploads\\omr_sheets\\Screenshot_20260302-143208.jpg', 0),
(19, 4, 'Screenshot_20260302-143215', 'uploads\\omr_sheets\\Screenshot_20260302-143215.jpg', 0),
(20, 4, 'Screenshot_20260302-143224', 'uploads\\omr_sheets\\Screenshot_20260302-143224.jpg', 0),
(21, 6, 'Screenshot_20260302-143049', 'uploads\\omr_sheets\\Screenshot_20260302-143049.jpg', 0),
(22, 6, 'Screenshot_20260302-143106', 'uploads\\omr_sheets\\Screenshot_20260302-143106.jpg', 0),
(23, 6, 'Screenshot_20260302-143058', 'uploads\\omr_sheets\\Screenshot_20260302-143058.jpg', 0),
(24, 6, 'Screenshot_20260302-143135', 'uploads\\omr_sheets\\Screenshot_20260302-143135.jpg', 0),
(25, 6, 'Screenshot_20260302-143128', 'uploads\\omr_sheets\\Screenshot_20260302-143128.jpg', 0),
(26, 6, 'Screenshot_20260302-143201', 'uploads\\omr_sheets\\Screenshot_20260302-143201.jpg', 0),
(27, 6, 'Screenshot_20260302-143142', 'uploads\\omr_sheets\\Screenshot_20260302-143142.jpg', 0),
(28, 6, 'Screenshot_20260302-143208', 'uploads\\omr_sheets\\Screenshot_20260302-143208.jpg', 0),
(29, 6, 'Screenshot_20260302-143215', 'uploads\\omr_sheets\\Screenshot_20260302-143215.jpg', 0),
(30, 6, 'Screenshot_20260302-143224', 'uploads\\omr_sheets\\Screenshot_20260302-143224.jpg', 0),
(31, 6, 'Screenshot_20260302-143224', 'uploads\\omr_sheets\\Screenshot_20260302-143224.jpg', 0),
(32, 6, 'Screenshot_20260302-143049', 'uploads\\omr_sheets\\Screenshot_20260302-143049.jpg', 0),
(33, 6, 'Screenshot_20260302-143231', 'uploads\\omr_sheets\\Screenshot_20260302-143231.jpg', 0),
(34, 6, 'Screenshot_20260302-143224', 'uploads\\omr_sheets\\Screenshot_20260302-143224.jpg', 0),
(35, 6, 'Screenshot_20260302-143215', 'uploads\\omr_sheets\\Screenshot_20260302-143215.jpg', 0),
(36, 6, 'Screenshot_20260302-143208', 'uploads\\omr_sheets\\Screenshot_20260302-143208.jpg', 0),
(37, 6, 'Screenshot_20260302-143201', 'uploads\\omr_sheets\\Screenshot_20260302-143201.jpg', 0),
(38, 6, 'Screenshot_20260302-143142', 'uploads\\omr_sheets\\Screenshot_20260302-143142.jpg', 0),
(39, 6, 'Screenshot_20260302-143135', 'uploads\\omr_sheets\\Screenshot_20260302-143135.jpg', 0),
(40, 6, 'Screenshot_20260302-143128', 'uploads\\omr_sheets\\Screenshot_20260302-143128.jpg', 0),
(41, 9, 'Screenshot_20260302-143049', 'uploads\\omr_sheets\\Screenshot_20260302-143049.jpg', 0),
(42, 9, 'Screenshot_20260302-143106', 'uploads\\omr_sheets\\Screenshot_20260302-143106.jpg', 0),
(43, 9, 'Screenshot_20260302-143128', 'uploads\\omr_sheets\\Screenshot_20260302-143128.jpg', 0),
(44, 9, 'Screenshot_20260302-143135', 'uploads\\omr_sheets\\Screenshot_20260302-143135.jpg', 0),
(45, 9, 'Screenshot_20260302-143058', 'uploads\\omr_sheets\\Screenshot_20260302-143058.jpg', 0),
(46, 9, 'Screenshot_20260302-143142', 'uploads\\omr_sheets\\Screenshot_20260302-143142.jpg', 0),
(47, 9, 'Screenshot_20260302-143201', 'uploads\\omr_sheets\\Screenshot_20260302-143201.jpg', 0),
(48, 9, 'Screenshot_20260302-143208', 'uploads\\omr_sheets\\Screenshot_20260302-143208.jpg', 0),
(49, 9, 'Screenshot_20260302-143215', 'uploads\\omr_sheets\\Screenshot_20260302-143215.jpg', 0),
(50, 9, 'Screenshot_20260302-143224', 'uploads\\omr_sheets\\Screenshot_20260302-143224.jpg', 0),
(51, 12, 'Screenshot_20260302-143049', 'uploads\\omr_sheets\\Screenshot_20260302-143049.jpg', 0),
(52, 12, 'Screenshot_20260302-143058', 'uploads\\omr_sheets\\Screenshot_20260302-143058.jpg', 0),
(53, 12, 'Screenshot_20260302-143106', 'uploads\\omr_sheets\\Screenshot_20260302-143106.jpg', 0),
(54, 12, 'Screenshot_20260302-143128', 'uploads\\omr_sheets\\Screenshot_20260302-143128.jpg', 0),
(55, 12, 'Screenshot_20260302-143135', 'uploads\\omr_sheets\\Screenshot_20260302-143135.jpg', 0),
(56, 12, 'Screenshot_20260302-143142', 'uploads\\omr_sheets\\Screenshot_20260302-143142.jpg', 0),
(57, 12, 'Screenshot_20260302-143201', 'uploads\\omr_sheets\\Screenshot_20260302-143201.jpg', 0),
(58, 12, 'Screenshot_20260302-143208', 'uploads\\omr_sheets\\Screenshot_20260302-143208.jpg', 0),
(59, 12, 'Screenshot_20260302-143215', 'uploads\\omr_sheets\\Screenshot_20260302-143215.jpg', 0),
(60, 12, 'Screenshot_20260302-143224', 'uploads\\omr_sheets\\Screenshot_20260302-143224.jpg', 0),
(61, 14, 'Screenshot_20260302-143049', 'uploads\\omr_sheets\\Screenshot_20260302-143049.jpg', 0),
(62, 14, 'Screenshot_20260302-143106', 'uploads\\omr_sheets\\Screenshot_20260302-143106.jpg', 0),
(63, 14, 'Screenshot_20260302-143058', 'uploads\\omr_sheets\\Screenshot_20260302-143058.jpg', 0),
(64, 14, 'Screenshot_20260302-143135', 'uploads\\omr_sheets\\Screenshot_20260302-143135.jpg', 0),
(65, 14, 'Screenshot_20260302-143128', 'uploads\\omr_sheets\\Screenshot_20260302-143128.jpg', 0),
(66, 14, 'Screenshot_20260302-143201', 'uploads\\omr_sheets\\Screenshot_20260302-143201.jpg', 0),
(67, 14, 'Screenshot_20260302-143142', 'uploads\\omr_sheets\\Screenshot_20260302-143142.jpg', 0),
(68, 14, 'Screenshot_20260302-143215', 'uploads\\omr_sheets\\Screenshot_20260302-143215.jpg', 0),
(69, 14, 'Screenshot_20260302-143208', 'uploads\\omr_sheets\\Screenshot_20260302-143208.jpg', 0),
(70, 14, 'Screenshot_20260302-143231', 'uploads\\omr_sheets\\Screenshot_20260302-143231.jpg', 0),
(71, 16, 'Screenshot_20260302-143049', 'uploads\\omr_sheets\\Screenshot_20260302-143049.jpg', 1),
(72, 16, 'Screenshot_20260302-143058', 'uploads\\omr_sheets\\Screenshot_20260302-143058.jpg', 1),
(73, 16, 'Screenshot_20260302-143106', 'uploads\\omr_sheets\\Screenshot_20260302-143106.jpg', 1),
(74, 16, 'Screenshot_20260302-143128', 'uploads\\omr_sheets\\Screenshot_20260302-143128.jpg', 1),
(75, 16, 'Screenshot_20260302-143135', 'uploads\\omr_sheets\\Screenshot_20260302-143135.jpg', 1),
(76, 16, 'Screenshot_20260302-143142', 'uploads\\omr_sheets\\Screenshot_20260302-143142.jpg', 1),
(77, 16, 'Screenshot_20260302-143201', 'uploads\\omr_sheets\\Screenshot_20260302-143201.jpg', 1),
(78, 16, 'Screenshot_20260302-143208', 'uploads\\omr_sheets\\Screenshot_20260302-143208.jpg', 1),
(79, 16, 'Screenshot_20260302-143215', 'uploads\\omr_sheets\\Screenshot_20260302-143215.jpg', 1),
(80, 16, 'Screenshot_20260302-143224', 'uploads\\omr_sheets\\Screenshot_20260302-143224.jpg', 1),
(81, 18, 'Screenshot_20260302-143231', 'uploads\\omr_sheets\\Screenshot_20260302-143231.jpg', 1),
(82, 18, 'Screenshot_20260302-143224', 'uploads\\omr_sheets\\Screenshot_20260302-143224.jpg', 1),
(83, 18, 'Screenshot_20260302-143215', 'uploads\\omr_sheets\\Screenshot_20260302-143215.jpg', 1),
(84, 18, 'Screenshot_20260302-143201', 'uploads\\omr_sheets\\Screenshot_20260302-143201.jpg', 1),
(85, 18, 'Screenshot_20260302-143208', 'uploads\\omr_sheets\\Screenshot_20260302-143208.jpg', 1),
(86, 18, 'Screenshot_20260302-143135', 'uploads\\omr_sheets\\Screenshot_20260302-143135.jpg', 1),
(87, 18, 'Screenshot_20260302-143142', 'uploads\\omr_sheets\\Screenshot_20260302-143142.jpg', 1),
(88, 18, 'Screenshot_20260302-143106', 'uploads\\omr_sheets\\Screenshot_20260302-143106.jpg', 1),
(89, 18, 'Screenshot_20260302-143128', 'uploads\\omr_sheets\\Screenshot_20260302-143128.jpg', 1),
(90, 18, 'Screenshot_20260302-143049', 'uploads\\omr_sheets\\Screenshot_20260302-143049.jpg', 1),
(91, 20, 'CS002', 'uploads\\omr_sheets\\CS002.jpeg', 0),
(92, 20, 'CS007', 'uploads\\omr_sheets\\CS007.jpeg', 0),
(93, 20, 'CS002', 'uploads\\omr_sheets\\CS002.jpeg', 0),
(94, 20, 'CS007', 'uploads\\omr_sheets\\CS007.jpeg', 0),
(95, 20, 'CS002', 'uploads\\omr_sheets\\CS002.jpeg', 0),
(96, 20, 'CS007', 'uploads\\omr_sheets\\CS007.jpeg', 0),
(97, 22, 'CS008', 'uploads\\omr_sheets\\CS008.jpeg', 0),
(98, 22, 'CS009', 'uploads\\omr_sheets\\CS009.jpeg', 0),
(99, 23, 'CS008', 'uploads\\omr_sheets\\CS008.jpeg', 1),
(100, 23, 'CS009', 'uploads\\omr_sheets\\CS009.jpeg', 1),
(101, 23, 'CS008', 'uploads\\omr_sheets\\CS008.jpeg', 1),
(102, 23, 'CS009', 'uploads\\omr_sheets\\CS009.jpeg', 1),
(103, 24, 'CS005', 'uploads\\omr_sheets\\CS005.jpeg', 1),
(104, 24, 'CS006', 'uploads\\omr_sheets\\CS006.jpeg', 1),
(105, 26, 'CS009', 'uploads\\omr_sheets\\CS009.pdf', 1),
(106, 28, 'IMG-20260314-WA0001', 'uploads\\omr_sheets\\IMG-20260314-WA0001.jpg', 0),
(107, 28, 'IMG-20260314-WA0002', 'uploads\\omr_sheets\\IMG-20260314-WA0002.jpg', 0),
(108, 28, 'IMG-20260314-WA0010', 'uploads\\omr_sheets\\IMG-20260314-WA0010.jpg', 1),
(109, 28, 'IMG-20260314-WA0004', 'uploads\\omr_sheets\\IMG-20260314-WA0004.jpg', 0),
(110, 28, 'IMG-20260314-WA0008', 'uploads\\omr_sheets\\IMG-20260314-WA0008.jpg', 1),
(111, 28, 'IMG-20260314-WA0005', 'uploads\\omr_sheets\\IMG-20260314-WA0005.jpg', 1),
(112, 28, 'IMG-20260314-WA0006', 'uploads\\omr_sheets\\IMG-20260314-WA0006.jpg', 1),
(113, 28, 'IMG-20260314-WA0003', 'uploads\\omr_sheets\\IMG-20260314-WA0003.jpg', 1),
(114, 28, 'IMG-20260314-WA0009', 'uploads\\omr_sheets\\IMG-20260314-WA0009.jpg', 1),
(115, 28, 'IMG-20260314-WA0007', 'uploads\\omr_sheets\\IMG-20260314-WA0007.jpg', 1),
(116, 30, 'IMG_20260315_222412_739', 'uploads\\omr_sheets\\IMG_20260315_222412_739.jpg', 1),
(117, 30, 'IMG_20260315_222431_587', 'uploads\\omr_sheets\\IMG_20260315_222431_587.jpg', 1),
(118, 30, 'IMG_20260315_222454_414', 'uploads\\omr_sheets\\IMG_20260315_222454_414.jpg', 1),
(119, 32, 'IMG_20260315_222412_739', 'uploads\\omr_sheets\\IMG_20260315_222412_739.jpg', 1),
(120, 32, 'IMG_20260315_222431_587', 'uploads\\omr_sheets\\IMG_20260315_222431_587.jpg', 1),
(121, 32, 'IMG_20260315_222454_414', 'uploads\\omr_sheets\\IMG_20260315_222454_414.jpg', 1),
(122, 33, 'IMG_20260315_222412_739', 'uploads\\omr_sheets\\IMG_20260315_222412_739.jpg', 1),
(123, 33, 'IMG_20260315_222431_587', 'uploads\\omr_sheets\\IMG_20260315_222431_587.jpg', 1),
(124, 33, 'IMG_20260315_222454_414', 'uploads\\omr_sheets\\IMG_20260315_222454_414.jpg', 1),
(125, 34, 'IMG_20260315_222412_739', 'uploads\\omr_sheets\\IMG_20260315_222412_739.jpg', 0),
(126, 34, 'IMG_20260315_222431_587', 'uploads\\omr_sheets\\IMG_20260315_222431_587.jpg', 0),
(127, 34, 'IMG_20260315_222454_414', 'uploads\\omr_sheets\\IMG_20260315_222454_414.jpg', 0),
(128, 36, 'IMG_20260315_222412_739', 'uploads\\omr_sheets\\IMG_20260315_222412_739.jpg', 1),
(129, 36, 'IMG_20260315_222431_587', 'uploads\\omr_sheets\\IMG_20260315_222431_587.jpg', 1),
(130, 36, 'IMG_20260315_222454_414', 'uploads\\omr_sheets\\IMG_20260315_222454_414.jpg', 1),
(131, 37, 'IMG_20260315_222412_739', 'uploads\\omr_sheets\\IMG_20260315_222412_739.jpg', 1),
(132, 37, 'IMG_20260315_222431_587', 'uploads\\omr_sheets\\IMG_20260315_222431_587.jpg', 1),
(133, 37, 'IMG_20260315_222454_414', 'uploads\\omr_sheets\\IMG_20260315_222454_414.jpg', 1),
(134, 39, 'IMG_20260315_222412_739', 'uploads\\omr_sheets\\IMG_20260315_222412_739.jpg', 1),
(135, 39, 'IMG_20260315_222431_587', 'uploads\\omr_sheets\\IMG_20260315_222431_587.jpg', 1),
(136, 39, 'IMG_20260315_222454_414', 'uploads\\omr_sheets\\IMG_20260315_222454_414.jpg', 1),
(137, 40, 'IMG_20260315_222412_739', 'uploads\\omr_sheets\\IMG_20260315_222412_739.jpg', 0),
(138, 40, 'IMG_20260315_222431_587', 'uploads\\omr_sheets\\IMG_20260315_222431_587.jpg', 0),
(139, 40, 'IMG_20260315_222454_414', 'uploads\\omr_sheets\\IMG_20260315_222454_414.jpg', 0),
(140, 42, 'IMG_20260315_222412_739', 'uploads\\omr_sheets\\IMG_20260315_222412_739.jpg', 0),
(141, 42, 'IMG_20260315_222431_587', 'uploads\\omr_sheets\\IMG_20260315_222431_587.jpg', 0),
(142, 42, 'IMG_20260315_222454_414', 'uploads\\omr_sheets\\IMG_20260315_222454_414.jpg', 0),
(143, 43, 'IMG_20260315_222412_739', 'uploads\\omr_sheets\\IMG_20260315_222412_739.jpg', 0),
(144, 43, 'IMG_20260315_222431_587', 'uploads\\omr_sheets\\IMG_20260315_222431_587.jpg', 0),
(145, 43, 'IMG_20260315_222454_414', 'uploads\\omr_sheets\\IMG_20260315_222454_414.jpg', 0),
(146, 45, 'IMG_20260315_222412_739', 'uploads\\omr_sheets\\IMG_20260315_222412_739.jpg', 1),
(147, 45, 'IMG_20260315_222431_587', 'uploads\\omr_sheets\\IMG_20260315_222431_587.jpg', 1),
(148, 45, 'IMG_20260315_222454_414', 'uploads\\omr_sheets\\IMG_20260315_222454_414.jpg', 1),
(149, 45, 'IMG_20260315_222412_739', 'uploads\\omr_sheets\\IMG_20260315_222412_739.jpg', 0),
(150, 45, 'IMG_20260315_222431_587', 'uploads\\omr_sheets\\IMG_20260315_222431_587.jpg', 0),
(151, 45, 'IMG_20260315_222454_414', 'uploads\\omr_sheets\\IMG_20260315_222454_414.jpg', 0),
(152, 48, 'IMG_20260315_222412_739', 'uploads\\omr_sheets\\IMG_20260315_222412_739.jpg', 1),
(153, 48, 'IMG_20260315_222431_587', 'uploads\\omr_sheets\\IMG_20260315_222431_587.jpg', 1),
(154, 48, 'IMG_20260315_222454_414', 'uploads\\omr_sheets\\IMG_20260315_222454_414.jpg', 1),
(155, 49, NULL, 'uploads\\omr_sheets\\sheet1.jpeg', 0),
(156, 49, NULL, 'uploads\\omr_sheets\\sheet2.jpeg', 0),
(157, 49, NULL, 'uploads\\omr_sheets\\sheet3.jpeg', 0),
(158, 49, NULL, 'uploads\\omr_sheets\\sheets1.jpeg', 0),
(159, 49, NULL, 'uploads\\omr_sheets\\sheets2.jpeg', 0),
(160, 49, NULL, 'uploads\\omr_sheets\\sheets1.jpeg', 0),
(161, 49, NULL, 'uploads\\omr_sheets\\sheets2.jpeg', 0),
(162, 49, NULL, 'uploads\\omr_sheets\\sheets1.jpeg', 0),
(163, 49, NULL, 'uploads\\omr_sheets\\sheets2.jpeg', 0),
(167, 50, NULL, 'uploads\\omr_sheets\\sheet1.jpeg', 1),
(168, 50, NULL, 'uploads\\omr_sheets\\sheet2.jpeg', 1),
(169, 50, NULL, 'uploads\\omr_sheets\\sheet3.jpeg', 1),
(170, 50, NULL, 'uploads\\omr_sheets\\sheet1.jpeg', 1),
(171, 50, NULL, 'uploads\\omr_sheets\\sheet2.jpeg', 1),
(172, 50, NULL, 'uploads\\omr_sheets\\sheet3.jpeg', 1),
(173, 52, NULL, 'uploads\\omr_sheets\\sheet1.jpeg', 1),
(174, 52, NULL, 'uploads\\omr_sheets\\sheet2.jpeg', 1),
(175, 52, NULL, 'uploads\\omr_sheets\\sheet3.jpeg', 1),
(176, 52, NULL, 'uploads\\omr_sheets\\sheet1.jpeg', 1),
(177, 52, NULL, 'uploads\\omr_sheets\\sheet2.jpeg', 1),
(178, 52, NULL, 'uploads\\omr_sheets\\sheet3.jpeg', 1),
(179, 52, NULL, 'uploads\\omr_sheets\\sheet1.jpeg', 1),
(180, 52, NULL, 'uploads\\omr_sheets\\sheet2.jpeg', 1),
(181, 52, NULL, 'uploads\\omr_sheets\\sheet3.jpeg', 1),
(182, 55, NULL, 'uploads\\omr_sheets\\IMG_20260316_125940_760.jpg', 0),
(183, 55, NULL, 'uploads\\omr_sheets\\IMG_20260316_130006_688.jpg', 0),
(184, 55, NULL, 'uploads\\omr_sheets\\IMG_20260316_130027_809.jpg', 0),
(185, 56, NULL, 'uploads\\omr_sheets\\IMG_20260316_125940_760.jpg', 0),
(186, 56, NULL, 'uploads\\omr_sheets\\IMG_20260316_130027_809.jpg', 0),
(187, 56, NULL, 'uploads\\omr_sheets\\IMG_20260316_130006_688.jpg', 0),
(188, 57, NULL, 'uploads\\omr_sheets\\CS010.jpeg', 1),
(189, 57, NULL, 'uploads\\omr_sheets\\CS011.jpeg', 1),
(190, 57, NULL, 'uploads\\omr_sheets\\CS012.jpeg', 1),
(191, 59, NULL, 'uploads\\omr_sheets\\CS010.pdf', 0),
(192, 59, NULL, 'uploads\\omr_sheets\\CS011.pdf', 0),
(193, 59, NULL, 'uploads\\omr_sheets\\CS012.pdf', 0),
(194, 60, NULL, 'uploads\\omr_sheets\\CS011.pdf', 0),
(195, 60, NULL, 'uploads\\omr_sheets\\CS010.pdf', 0),
(196, 60, NULL, 'uploads\\omr_sheets\\CS012.pdf', 0),
(197, 61, NULL, 'uploads\\omr_sheets\\CS010.pdf', 0),
(198, 61, NULL, 'uploads\\omr_sheets\\CS011.pdf', 0),
(199, 61, NULL, 'uploads\\omr_sheets\\CS012.pdf', 0),
(200, 63, NULL, 'uploads\\omr_sheets\\CS012.pdf', 0),
(201, 63, NULL, 'uploads\\omr_sheets\\CS011.pdf', 0),
(202, 63, NULL, 'uploads\\omr_sheets\\CS010.pdf', 0),
(203, 1, NULL, 'uploads\\omr_sheets\\sheet1.jpeg', 1),
(204, 1, NULL, 'uploads\\omr_sheets\\sheets2.jpeg', 1),
(205, 1, NULL, 'uploads\\omr_sheets\\CS007.jpeg', 1),
(206, 1, NULL, 'uploads\\omr_sheets\\CS001.jpeg', 1),
(207, 1, NULL, 'uploads\\omr_sheets\\CS003.jpeg', 1),
(208, 1, NULL, 'uploads\\omr_sheets\\CS001.jpeg', 1),
(209, 1, NULL, 'uploads\\omr_sheets\\CS003.jpeg', 1),
(210, 1, NULL, 'uploads\\omr_sheets\\CS001.jpeg', 1),
(211, 1, NULL, 'uploads\\omr_sheets\\CS003.jpeg', 1),
(212, 1, NULL, 'uploads\\omr_sheets\\CS001.jpeg', 1),
(213, 1, NULL, 'uploads\\omr_sheets\\CS003.jpeg', 1),
(214, 67, NULL, 'uploads\\omr_sheets\\IMG_20260316_130027_809.jpg', 0),
(215, 67, NULL, 'uploads\\omr_sheets\\IMG_20260316_125940_760.jpg', 0),
(216, 67, NULL, 'uploads\\omr_sheets\\IMG_20260316_130006_688.jpg', 0),
(217, 68, NULL, 'uploads\\omr_sheets\\IMG_20260316_125940_760.jpg', 0),
(218, 68, NULL, 'uploads\\omr_sheets\\IMG_20260316_130006_688.jpg', 0),
(219, 68, NULL, 'uploads\\omr_sheets\\IMG_20260316_130027_809.jpg', 0),
(220, 70, NULL, 'uploads\\omr_sheets\\IMG_20260316_125940_760.jpg', 0),
(221, 70, NULL, 'uploads\\omr_sheets\\IMG_20260316_130027_809.jpg', 0),
(222, 70, NULL, 'uploads\\omr_sheets\\IMG_20260316_130006_688.jpg', 0),
(223, 71, NULL, 'uploads\\omr_sheets\\IMG_20260316_125940_760.jpg', 0),
(224, 71, NULL, 'uploads\\omr_sheets\\IMG_20260316_130027_809.jpg', 0),
(225, 71, NULL, 'uploads\\omr_sheets\\IMG_20260316_130006_688.jpg', 0),
(226, 72, NULL, 'uploads\\omr_sheets\\IMG_20260316_125940_760.jpg', 0),
(227, 72, NULL, 'uploads\\omr_sheets\\IMG_20260316_130027_809.jpg', 0),
(228, 72, NULL, 'uploads\\omr_sheets\\IMG_20260316_130006_688.jpg', 0),
(229, 73, NULL, 'uploads\\omr_sheets\\IMG_20260316_125940_760.jpg', 0),
(230, 73, NULL, 'uploads\\omr_sheets\\IMG_20260316_130006_688.jpg', 0),
(231, 73, NULL, 'uploads\\omr_sheets\\IMG_20260316_130027_809.jpg', 0),
(232, 75, NULL, 'uploads\\omr_sheets\\IMG_20260316_125940_760.jpg', 0),
(233, 75, NULL, 'uploads\\omr_sheets\\IMG_20260316_130027_809.jpg', 0),
(234, 75, NULL, 'uploads\\omr_sheets\\IMG_20260316_130006_688.jpg', 0),
(235, 76, NULL, 'uploads\\omr_sheets\\IMG_20260316_125940_760.jpg', 0),
(236, 76, NULL, 'uploads\\omr_sheets\\IMG_20260316_130006_688.jpg', 0),
(237, 76, NULL, 'uploads\\omr_sheets\\IMG_20260316_130027_809.jpg', 0),
(238, 77, NULL, 'uploads\\omr_sheets\\IMG_20260316_125940_760.jpg', 0),
(239, 77, NULL, 'uploads\\omr_sheets\\IMG_20260316_130027_809.jpg', 0),
(240, 77, NULL, 'uploads\\omr_sheets\\IMG_20260316_130006_688.jpg', 0),
(241, 79, NULL, 'uploads\\omr_sheets\\IMG_20260316_130027_809.jpg', 0),
(242, 80, NULL, 'uploads\\omr_sheets\\IMG_20260316_130027_809.jpg', 0),
(243, 82, NULL, 'uploads\\omr_sheets\\IMG_20260316_125940_760.jpg', 0),
(244, 82, NULL, 'uploads\\omr_sheets\\IMG_20260316_130027_809.jpg', 0),
(245, 82, NULL, 'uploads\\omr_sheets\\IMG_20260316_130027_809.jpg', 0),
(246, 83, NULL, 'uploads\\omr_sheets\\IMG_20260316_125940_760.jpg', 0),
(247, 83, NULL, 'uploads\\omr_sheets\\IMG_20260316_130027_809.jpg', 0),
(248, 84, NULL, 'uploads\\omr_sheets\\IMG_20260316_125940_760.jpg', 0),
(249, 84, NULL, 'uploads\\omr_sheets\\IMG_20260316_130027_809.jpg', 0),
(250, 88, NULL, 'uploads\\omr_sheets\\IMG_20260327_114810_813.jpg', 0),
(251, 90, NULL, 'uploads\\omr_sheets\\OMR_CS002.pdf', 0),
(252, 90, NULL, 'uploads\\omr_sheets\\OMR_CS003.pdf', 0),
(253, 91, NULL, 'uploads\\omr_sheets\\OMR_CS002_page-0001.jpg', 1),
(254, 91, NULL, 'uploads\\omr_sheets\\OMR_CS004_page-0001.jpg', 1),
(255, 93, NULL, 'uploads\\omr_sheets\\exam_93\\OMR_CS002.pdf', 0);

-- --------------------------------------------------------

--
-- Table structure for table `students`
--

CREATE TABLE `students` (
  `id` int(11) NOT NULL,
  `user_id` int(11) NOT NULL,
  `roll_number` varchar(50) DEFAULT NULL,
  `semester` int(11) DEFAULT NULL,
  `cgpa` float DEFAULT NULL,
  `created_at` datetime DEFAULT NULL
) ENGINE=InnoDB DEFAULT CHARSET=utf8mb4 COLLATE=utf8mb4_general_ci;

--
-- Dumping data for table `students`
--

INSERT INTO `students` (`id`, `user_id`, `roll_number`, `semester`, `cgpa`, `created_at`) VALUES
(1, 22, 'CS001', 6, 7.5, '2026-03-03 20:21:01'),
(2, 23, 'CS002', 6, 7.5, '2026-03-03 20:21:01'),
(3, 24, 'CS003', 6, 7.5, '2026-03-03 20:21:01'),
(4, 25, 'CS004', 6, 7.5, '2026-03-03 20:21:01'),
(5, 26, 'CS005', 6, 7.5, '2026-03-03 20:21:01'),
(6, 27, 'CS006', 6, 7.5, '2026-03-03 20:21:01'),
(7, 28, 'CS007', 6, 7.5, '2026-03-03 20:21:01'),
(8, 29, 'CS008', 6, 7.5, '2026-03-03 20:21:01'),
(9, 30, 'CS009', 6, 7.5, '2026-03-03 20:21:01'),
(10, 31, 'CS010', 6, 7.5, '2026-03-03 20:21:01'),
(11, 32, 'CS011', 6, 7.5, '2026-03-03 20:21:01'),
(12, 33, 'CS012', 6, 7.5, '2026-03-03 20:21:01'),
(13, 34, 'CS013', 6, 7.5, '2026-03-03 20:21:01'),
(14, 35, 'CS014', 6, 7.5, '2026-03-03 20:21:01'),
(15, 36, 'CS015', 6, 7.5, '2026-03-03 20:21:01'),
(16, 37, 'CS016', 6, 7.5, '2026-03-03 20:21:01'),
(17, 38, 'CS017', 6, 7.5, '2026-03-03 20:21:01'),
(18, 39, 'CS018', 6, 7.5, '2026-03-03 20:21:01'),
(19, 40, 'CS019', 6, 7.5, '2026-03-03 20:21:01'),
(20, 41, 'CS020', 6, 7.5, '2026-03-03 20:21:01'),
(21, 42, 'CS021', 6, 7.5, '2026-03-03 20:21:01'),
(22, 43, 'CS022', 6, 7.5, '2026-03-03 20:21:01'),
(23, 44, 'CS023', 6, 7.5, '2026-03-03 20:21:01'),
(24, 45, 'CS024', 6, 7.5, '2026-03-03 20:21:01'),
(25, 46, 'CS025', 6, 7.5, '2026-03-03 20:21:01'),
(26, 47, 'CS026', 6, 7.5, '2026-03-03 20:21:01'),
(27, 48, 'CS027', 6, 7.5, '2026-03-03 20:21:01'),
(28, 49, 'CS028', 6, 7.5, '2026-03-03 20:21:01'),
(29, 50, 'CS029', 6, 7.5, '2026-03-03 20:21:01'),
(30, 51, 'CS030', 6, 7.5, '2026-03-03 20:21:01'),
(31, 52, 'CS031', 6, 7.5, '2026-03-03 20:21:01'),
(32, 53, 'CS032', 6, 7.5, '2026-03-03 20:21:01'),
(33, 54, 'CS033', 6, 7.5, '2026-03-03 20:21:01'),
(34, 55, 'CS034', 6, 7.5, '2026-03-03 20:21:01'),
(35, 56, 'CS035', 6, 7.5, '2026-03-03 20:21:01'),
(36, 57, 'CS036', 6, 7.5, '2026-03-03 20:21:01'),
(37, 58, 'CS037', 6, 7.5, '2026-03-03 20:21:01'),
(38, 59, 'CS038', 6, 7.5, '2026-03-03 20:21:01'),
(39, 60, 'CS039', 6, 7.5, '2026-03-03 20:21:01'),
(40, 61, 'CS040', 6, 7.5, '2026-03-03 20:21:01'),
(41, 62, 'CS041', 6, 7.5, '2026-03-03 20:21:01'),
(42, 63, 'CS042', 6, 7.5, '2026-03-03 20:21:01'),
(43, 64, 'CS043', 6, 7.5, '2026-03-03 20:21:01'),
(44, 65, 'CS044', 6, 7.5, '2026-03-03 20:21:01'),
(45, 66, 'CS045', 6, 7.5, '2026-03-03 20:21:01'),
(46, 67, 'CS046', 6, 7.5, '2026-03-03 20:21:01'),
(47, 68, 'CS047', 6, 7.5, '2026-03-03 20:21:01'),
(48, 69, 'CS048', 6, 7.5, '2026-03-03 20:21:01'),
(49, 70, 'CS049', 6, 7.5, '2026-03-03 20:21:01'),
(50, 71, 'CS050', 6, 7.5, '2026-03-03 20:21:01'),
(51, 72, 'CS051', 6, 7.5, '2026-03-03 20:21:01'),
(52, 73, 'CS052', 6, 7.5, '2026-03-03 20:21:01'),
(53, 74, 'CS053', 6, 7.5, '2026-03-03 20:21:01'),
(54, 75, 'CS054', 6, 7.5, '2026-03-03 20:21:01'),
(55, 76, 'CS055', 6, 7.5, '2026-03-03 20:21:01'),
(56, 77, 'CS056', 6, 7.5, '2026-03-03 20:21:01'),
(57, 78, 'CS057', 6, 7.5, '2026-03-03 20:21:01'),
(58, 79, 'CS058', 6, 7.5, '2026-03-03 20:21:01'),
(59, 80, 'CS059', 6, 7.5, '2026-03-03 20:21:01'),
(60, 81, 'CS060', 6, 7.5, '2026-03-03 20:21:01'),
(68, 90, 'CS30', 2, NULL, '2026-03-05 09:01:36'),
(69, 91, 'MECH004', 6, 7.8, '2026-03-06 08:22:05'),
(74, 99, 'CS100', 6, 0, '2026-03-23 04:43:51'),
(76, 101, 'CS0456', 2, 0, '2026-03-24 08:52:44'),
(77, 104, 'CS5843', 2, 0, '2026-03-29 18:35:22'),
(78, 106, 'CS3583', 2, 0, '2026-03-30 03:52:45'),
(79, 108, 'CS36886', 1, 0, '2026-03-30 04:07:24');

-- --------------------------------------------------------

--
-- Table structure for table `student_exam_results`
--

CREATE TABLE `student_exam_results` (
  `id` int(11) NOT NULL,
  `student_id` int(11) NOT NULL,
  `exam_id` int(11) NOT NULL,
  `marks_obtained` float DEFAULT NULL,
  `grade` varchar(5) DEFAULT NULL,
  `percentage` float DEFAULT NULL
) ENGINE=InnoDB DEFAULT CHARSET=utf8mb4 COLLATE=utf8mb4_general_ci;

-- --------------------------------------------------------

--
-- Table structure for table `student_performance`
--

CREATE TABLE `student_performance` (
  `id` int(11) NOT NULL,
  `student_roll` varchar(50) DEFAULT NULL,
  `average_score` float DEFAULT NULL,
  `highest_score` float DEFAULT NULL,
  `lowest_score` float DEFAULT NULL,
  `performance_label` varchar(50) DEFAULT NULL,
  `improvement` float DEFAULT NULL,
  `recorded_at` datetime DEFAULT NULL
) ENGINE=InnoDB DEFAULT CHARSET=utf8mb4 COLLATE=utf8mb4_general_ci;

--
-- Dumping data for table `student_performance`
--

INSERT INTO `student_performance` (`id`, `student_roll`, `average_score`, `highest_score`, `lowest_score`, `performance_label`, `improvement`, `recorded_at`) VALUES
(1, 'CS001', 66.33, 80, 60, 'Good', NULL, '2026-03-13 09:21:29'),
(2, 'CS001', 66.33, 80, 60, 'Good', NULL, '2026-03-13 09:22:18'),
(3, 'CS010', 77, 78, 76, 'Good', NULL, '2026-03-14 03:07:21'),
(4, 'CS001', 68, 80, 60, 'Good', NULL, '2026-03-16 13:14:07'),
(5, 'CS001', 68, 80, 60, 'Good', NULL, '2026-03-16 13:14:07'),
(6, 'CS001', 68, 80, 60, 'Good', NULL, '2026-03-16 13:14:36'),
(7, 'CS001', 68, 80, 60, 'Good', NULL, '2026-03-16 13:14:36'),
(8, 'CS001', 68, 80, 60, 'Good', NULL, '2026-03-16 13:15:25'),
(9, 'CS001', 68, 80, 60, 'Good', NULL, '2026-03-16 13:15:25'),
(10, 'CS001', 68, 80, 60, 'Good', NULL, '2026-03-16 13:16:18'),
(11, 'CS001', 68, 80, 60, 'Good', NULL, '2026-03-16 13:16:18'),
(12, 'CS001', 68, 80, 60, 'Good', NULL, '2026-03-16 13:20:53'),
(13, 'CS001', 68, 80, 60, 'Good', NULL, '2026-03-16 13:20:53'),
(14, 'CS001', 68, 80, 60, 'Good', NULL, '2026-03-16 13:20:59'),
(15, 'CS001', 68, 80, 60, 'Good', NULL, '2026-03-16 13:20:59'),
(16, 'CS001', 68, 80, 60, 'Good', NULL, '2026-03-16 13:21:01'),
(17, 'CS001', 68, 80, 60, 'Good', NULL, '2026-03-16 13:21:01'),
(18, 'CS001', 68, 80, 60, 'Good', NULL, '2026-03-16 13:21:02'),
(19, 'CS001', 68, 80, 60, 'Good', NULL, '2026-03-16 13:21:02'),
(20, 'CS001', 68, 80, 60, 'Good', NULL, '2026-03-16 13:22:03'),
(21, 'CS001', 68, 80, 60, 'Good', NULL, '2026-03-16 13:22:03'),
(22, 'CS001', 68, 80, 60, 'Good', NULL, '2026-03-16 16:35:25'),
(23, 'CS001', 68, 80, 60, 'Good', NULL, '2026-03-16 18:02:44'),
(24, 'CS001', 68, 80, 60, 'Good', NULL, '2026-03-16 18:02:44'),
(25, 'CS001', 68, 80, 60, 'Good', NULL, '2026-03-16 18:02:46'),
(26, 'CS001', 68, 80, 60, 'Good', NULL, '2026-03-16 18:02:46'),
(27, 'CS001', 68, 80, 60, 'Good', NULL, '2026-03-16 18:02:50'),
(28, 'CS001', 68, 80, 60, 'Good', NULL, '2026-03-16 18:02:50'),
(29, 'CS001', 68, 80, 60, 'Good', NULL, '2026-03-16 18:02:51'),
(30, 'CS001', 68, 80, 60, 'Good', NULL, '2026-03-16 18:02:52'),
(31, 'CS001', 57.89, 80, 5, 'Needs Improvement', NULL, '2026-03-23 08:28:41'),
(32, 'CS007', 32, 80, 0, 'Needs Improvement', NULL, '2026-03-30 03:04:27'),
(33, 'CS007', 32, 80, 0, 'Needs Improvement', NULL, '2026-03-30 03:25:02'),
(34, 'CS007', 32, 80, 0, 'Needs Improvement', NULL, '2026-03-30 03:26:37');

-- --------------------------------------------------------

--
-- Table structure for table `theory_answer_sheets`
--

CREATE TABLE `theory_answer_sheets` (
  `id` int(11) NOT NULL,
  `exam_id` int(11) DEFAULT NULL,
  `student_roll` varchar(50) DEFAULT NULL,
  `answer_sheet_path` varchar(300) DEFAULT NULL,
  `evaluated` tinyint(1) DEFAULT NULL,
  `created_at` datetime DEFAULT NULL
) ENGINE=InnoDB DEFAULT CHARSET=utf8mb4 COLLATE=utf8mb4_general_ci;

--
-- Dumping data for table `theory_answer_sheets`
--

INSERT INTO `theory_answer_sheets` (`id`, `exam_id`, `student_roll`, `answer_sheet_path`, `evaluated`, `created_at`) VALUES
(1, 1, 'CSA001', 'uploads\\theory\\1_CSA001.pdf', 0, '2026-03-03 20:52:37'),
(2, 1, 'studentanswerpaper', 'uploads\\theory\\1_studentanswerpaper.pdf', 0, '2026-03-04 17:17:21'),
(3, 1, 'studentanswerpaper', 'uploads\\theory\\1_studentanswerpaper.pdf', 0, '2026-03-04 17:18:17'),
(4, 3, 'CS001', 'uploads\\theory\\3_CS001.pdf', 1, '2026-03-04 20:34:55'),
(5, 3, 'CS002', 'uploads\\theory\\3_CS002.pdf', 1, '2026-03-04 20:34:55'),
(6, 3, 'CS003', 'uploads\\theory\\3_CS003.pdf', 1, '2026-03-04 20:34:55'),
(7, 3, 'CS004', 'uploads\\theory\\3_CS004.pdf', 1, '2026-03-04 20:34:55'),
(8, 3, 'CS005', 'uploads\\theory\\3_CS005.pdf', 1, '2026-03-04 20:34:55'),
(9, 3, 'AI001', 'uploads\\theory\\3_AI001.pdf', 1, '2026-03-05 07:54:34'),
(10, 3, 'AI002', 'uploads\\theory\\3_AI002.pdf', 1, '2026-03-05 07:54:34'),
(11, 3, 'AI003', 'uploads\\theory\\3_AI003.pdf', 1, '2026-03-05 07:54:34'),
(12, 3, 'AI004', 'uploads\\theory\\3_AI004.pdf', 1, '2026-03-05 07:54:34'),
(13, 3, 'AI005', 'uploads\\theory\\3_AI005.pdf', 1, '2026-03-05 07:54:34'),
(14, 14, 'CS001', 'uploads\\theory\\14_CS001.pdf', 1, '2026-03-10 06:50:22'),
(15, 14, 'CS001', 'uploads\\theory\\14_CS001.pdf', 1, '2026-03-10 06:51:39'),
(16, 14, 'CS001', 'uploads\\theory\\14_CS001.pdf', 1, '2026-03-10 06:52:11'),
(17, 13, 'CS001', 'uploads\\theory\\13_CS001.pdf', 1, '2026-03-10 07:44:13'),
(18, 14, 'CS001', 'uploads\\theory\\14_CS001.pdf', 1, '2026-03-10 07:48:58'),
(19, 9, 'CS001', 'uploads\\theory\\9_CS001.pdf', 1, '2026-03-10 08:06:00'),
(20, 16, 'CS001', 'uploads\\theory\\16_CS001.pdf', 1, '2026-03-11 03:20:26'),
(21, 16, 'CS001', 'uploads\\theory\\16_CS001.pdf', 1, '2026-03-11 03:21:30'),
(22, 16, 'CS001', 'uploads\\theory\\16_CS001.pdf', 1, '2026-03-11 03:26:32'),
(23, 17, 'CS007', 'uploads\\theory\\17_CS007.pdf', 1, '2026-03-11 05:01:12'),
(24, 18, 'CS021', 'uploads\\theory\\18_CS021.pdf', 0, '2026-03-11 07:10:33'),
(25, 19, 'CS020', 'uploads\\theory\\19_CS020.pdf', 1, '2026-03-11 07:36:12'),
(26, 19, 'CS021', 'uploads\\theory\\19_CS021.pdf', 1, '2026-03-11 08:52:23'),
(27, 20, 'CS020', 'uploads\\theory\\20_CS020.pdf', 1, '2026-03-11 15:51:37'),
(28, 20, 'CS021', 'uploads\\theory\\20_CS021.pdf', 1, '2026-03-11 15:51:55'),
(29, 20, 'CS007', 'uploads\\theory\\20_CS007.pdf', 1, '2026-03-11 15:53:43'),
(30, 20, 'CS018', 'uploads\\theory\\20_CS018.pdf', 1, '2026-03-11 16:55:12'),
(31, 20, 'CS025', 'uploads\\theory\\20_CS025.pdf', 1, '2026-03-11 16:59:53'),
(32, 21, 'CS011', 'uploads\\theory\\21_CS011.pdf', 1, '2026-03-11 17:17:00'),
(33, 21, 'CS015', 'uploads\\theory\\21_CS015.pdf', 1, '2026-03-11 17:39:30'),
(34, 22, 'CS016', 'uploads\\theory\\22_CS016.pdf', 1, '2026-03-11 19:46:07'),
(35, 24, 'CS001', 'uploads\\theory\\24_CS001.pdf', 0, '2026-03-12 04:31:37'),
(36, 24, 'CS007', 'uploads\\theory\\24_CS007.pdf', 0, '2026-03-12 04:47:21'),
(37, 25, 'CS010', 'uploads\\theory\\25_CS010.pdf', 0, '2026-03-12 06:52:28'),
(38, 26, 'CS010', 'uploads\\theory\\26_CS010.pdf', 1, '2026-03-12 07:56:12'),
(39, 27, 'CS001', 'uploads\\theory\\27_CS001.pdf', 1, '2026-03-13 04:04:20'),
(40, 28, 'CS010', 'uploads\\theory\\28_CS010.pdf', 1, '2026-03-13 06:41:48'),
(41, 29, 'CS001', 'uploads\\theory\\29_CS001.pdf', 1, '2026-03-16 04:59:14'),
(42, 30, 'CS002', 'uploads\\theory\\30_CS002.pdf', 0, '2026-03-16 18:07:57'),
(43, 30, 'CS001', 'uploads\\theory\\30_CS001.pdf', 0, '2026-03-16 18:09:06'),
(44, 30, 'CS005', 'uploads\\theory\\exam_30\\sheets\\CS005.pdf', 1, '2026-03-16 18:46:36'),
(45, 30, 'CS005', 'uploads\\theory\\exam_30\\sheets\\CS005.pdf', 1, '2026-03-16 18:51:27'),
(46, 31, 'STUDENR_SHEETS', 'uploads\\theory\\exam_31\\sheets\\studenr_sheets.pdf', 1, '2026-03-17 09:42:24'),
(47, 31, 'CS008', 'uploads\\theory\\exam_31\\sheets\\CS008.pdf', 1, '2026-03-17 09:44:59'),
(50, 32, 'CS016', 'uploads\\theory\\exam_32\\sheets\\CS016.pdf', 1, '2026-03-22 12:23:49'),
(52, 32, 'CS015', 'uploads\\theory\\exam_32\\sheets\\CS015.pdf', 1, '2026-03-22 12:27:34'),
(55, 32, 'CS024', 'uploads\\theory\\exam_32\\sheets\\CS024.pdf', 1, '2026-03-22 12:51:47'),
(57, 33, 'CS024', 'uploads\\theory\\exam_33\\sheets\\CS024.pdf', 1, '2026-03-22 12:56:34'),
(62, 1, 'CS016', 'uploads\\theory\\exam_1\\sheets\\CS016.pdf', 1, '2026-03-23 05:14:50'),
(65, 35, 'CS016', 'uploads\\theory\\exam_35\\sheets\\CS016.pdf', 1, '2026-03-24 08:18:36'),
(66, 36, 'CS016', 'uploads\\theory\\exam_36\\sheets\\CS016.pdf', 1, '2026-03-24 08:20:05'),
(67, 37, 'CS016', 'uploads\\theory\\exam_37\\sheets\\CS016.pdf', 1, '2026-03-24 09:09:40'),
(68, 37, 'INTERNSHIP_EXAM_24-03-2026_TO_28-03-2026_OVER_ALL_', 'uploads\\theory\\exam_37\\sheets\\Internship_Exam_24-03-2026_to_28-03-2026_over_all_List.pdf', 1, '2026-03-24 09:12:53'),
(70, 38, 'CS016', 'uploads\\theory\\exam_38\\sheets\\CS016.pdf', 1, '2026-03-27 05:42:38'),
(71, 39, 'CS007', 'uploads\\theory\\exam_39\\sheets\\CS007.pdf', 1, '2026-03-27 17:00:14'),
(75, 41, 'CS007', 'uploads\\theory\\exam_41\\sheets\\CS007.pdf', 1, '2026-03-27 19:29:28'),
(77, 40, 'CS007', 'uploads\\theory\\exam_40\\sheets\\CS007.pdf', 1, '2026-03-28 07:29:00'),
(79, 42, 'CS007', 'uploads\\theory\\exam_42\\sheets\\CS007.pdf', 1, '2026-03-28 07:46:15'),
(80, 45, 'CS007', 'uploads\\theory\\exam_45\\sheets\\CS007.pdf', 1, '2026-03-30 04:15:18'),
(82, 47, 'CS007', 'uploads\\theory\\exam_47\\sheets\\CS007.pdf', 1, '2026-03-30 05:04:11'),
(83, 46, 'CS007', 'uploads\\theory\\exam_46\\sheets\\CS007.pdf', 1, '2026-03-30 05:15:55');

-- --------------------------------------------------------

--
-- Table structure for table `theory_exams`
--

CREATE TABLE `theory_exams` (
  `id` int(11) NOT NULL,
  `exam_title` varchar(200) NOT NULL,
  `subject_code` varchar(20) NOT NULL,
  `total_marks` float NOT NULL,
  `faculty_id` int(11) NOT NULL,
  `question_paper_path` varchar(300) DEFAULT NULL,
  `answer_key_path` varchar(300) DEFAULT NULL,
  `created_at` datetime DEFAULT NULL,
  `status` varchar(20) DEFAULT 'CREATED',
  `exam_date` date DEFAULT NULL,
  `duration` int(11) DEFAULT NULL,
  `marks_per_question` float DEFAULT 0
) ENGINE=InnoDB DEFAULT CHARSET=utf8mb4 COLLATE=utf8mb4_general_ci;

--
-- Dumping data for table `theory_exams`
--

INSERT INTO `theory_exams` (`id`, `exam_title`, `subject_code`, `total_marks`, `faculty_id`, `question_paper_path`, `answer_key_path`, `created_at`, `status`, `exam_date`, `duration`, `marks_per_question`) VALUES
(1, 'AI Internal 1', 'AI101', 100, 2, 'uploads\\theory\\exam_1\\QUESTION.PAPER.pdf', 'uploads\\theory\\exam_1\\answerpapera.pdf', '2026-03-03 20:38:32', 'CREATED', NULL, NULL, 0),
(2, 'AI Mid Exam', 'CSE401', 100, 2, NULL, NULL, '2026-03-04 17:12:18', 'CREATED', NULL, NULL, 0),
(3, 'AI Midterm', 'AI101', 50, 2, 'uploads\\theory\\3_qp.pdf', 'uploads\\theory\\3_key.pdf', '2026-03-04 20:31:27', 'CREATED', NULL, NULL, 0),
(4, 'test2', 'AI', 50, 2, NULL, NULL, '2026-03-05 07:51:00', 'CREATED', NULL, NULL, 0),
(5, 'Test-1', 'OMR36', 10, 82, NULL, NULL, '2026-03-06 09:14:59', 'CREATED', NULL, NULL, 0),
(6, 'com', 'MECH33', 10, 82, NULL, NULL, '2026-03-06 09:57:51', 'CREATED', NULL, NULL, 0),
(7, 'student_ test', 'THE890', 100, 82, NULL, NULL, '2026-03-07 08:42:47', 'CREATED', NULL, NULL, 0),
(8, 'STD_3', 'THE683', 100, 82, NULL, NULL, '2026-03-07 08:52:34', 'CREATED', NULL, NULL, 0),
(9, 'completion_AI', 'THE346', 100, 82, 'uploads\\theory\\9_qp.pdf', 'uploads\\theory\\9_key.pdf', '2026-03-07 09:00:50', 'CREATED', NULL, NULL, 0),
(10, 'TESTING-FIRST', 'THECS001', 100, 82, NULL, NULL, '2026-03-09 03:55:23', 'CREATED', NULL, NULL, 0),
(11, 'Theory- testing', 'THECS001', 25, 82, NULL, NULL, '2026-03-09 04:02:31', 'CREATED', NULL, NULL, 0),
(12, 's test', 'THECS001', 25, 82, NULL, NULL, '2026-03-09 04:07:04', 'CREATED', NULL, NULL, 0),
(13, 'testing', 'OMR378', 10, 92, 'uploads\\theory\\13_qp.pdf', 'uploads\\theory\\13_key.pdf', '2026-03-10 05:40:04', 'CREATED', NULL, NULL, 0),
(14, 'First_test', 'THE0949', 25, 92, 'uploads\\theory\\14_qp.pdf', 'uploads\\theory\\14_key.pdf', '2026-03-10 06:49:49', 'CREATED', NULL, NULL, 0),
(15, 'testing', 'THE7488', 50, 21, NULL, NULL, '2026-03-10 07:15:36', 'CREATED', NULL, NULL, 0),
(16, 'First_Term', 'THE9938', 25, 92, 'uploads\\theory\\16_qp.pdf', 'uploads\\theory\\16_key.pdf', '2026-03-11 03:19:37', 'CREATED', NULL, NULL, 0),
(17, 'Midterm Exam', 'CS301', 25, 82, 'uploads\\theory\\17_qp.pdf', 'uploads\\theory\\17_key.pdf', '2026-03-11 04:35:41', 'CREATED', NULL, NULL, 0),
(18, 'Computer Networks Midterm', 'CS301', 100, 82, 'uploads\\theory\\18_qp.pdf', 'uploads\\theory\\18_key.pdf', '2026-03-11 07:06:56', 'CREATED', NULL, NULL, 0),
(19, 'Computer Networks Midterm', 'CS301', 100, 82, 'uploads\\theory\\19_qp.pdf', 'uploads\\theory\\19_key.pdf', '2026-03-11 07:32:38', 'CREATED', NULL, NULL, 0),
(20, 'AI Mid Exam', 'CS501', 25, 2, 'uploads\\theory\\20_qp.pdf', 'uploads\\theory\\20_key.pdf', '2026-03-11 15:49:10', 'CREATED', NULL, NULL, 0),
(21, 'Computer Networks Test 2', 'CS502', 25, 2, 'uploads\\theory\\21_qp.pdf', 'uploads\\theory\\21_key.pdf', '2026-03-11 17:09:47', 'CREATED', NULL, NULL, 0),
(22, 'AI Exam', 'CS501', 25, 2, 'uploads\\theory\\22_qp.pdf', 'uploads\\theory\\22_key.pdf', '2026-03-11 19:41:17', 'CREATED', NULL, NULL, 0),
(23, 'CN Theory Test', 'CN501', 10, 2, NULL, NULL, '2026-03-11 20:29:34', 'CREATED', NULL, NULL, 0),
(24, 'FINALTESTT', 'THE6490', 25, 92, 'uploads\\theory\\24_qp.pdf', 'uploads\\theory\\24_key.pdf', '2026-03-12 04:23:29', 'CREATED', NULL, NULL, 0),
(25, 'test_one', 'THEONE', 25, 92, 'uploads\\theory\\25_qp.pdf', 'uploads\\theory\\25_key.pdf', '2026-03-12 06:51:46', 'CREATED', NULL, NULL, 0),
(26, 'the end', 'THE78388', 25, 15, 'uploads\\theory\\26_qp.pdf', 'uploads\\theory\\26_key.pdf', '2026-03-12 07:55:22', 'CREATED', NULL, NULL, 0),
(27, 'testing intheory', 'THE8937', 25, 15, 'uploads\\theory\\27_qp.pdf', 'uploads\\theory\\27_key.pdf', '2026-03-13 04:03:30', 'CREATED', NULL, NULL, 0),
(28, 'testing test', 'THE9909', 25, 82, 'uploads\\theory\\28_qp.pdf', 'uploads\\theory\\28_key.pdf', '2026-03-13 06:40:38', 'CREATED', NULL, NULL, 0),
(29, 'THEORY_ONE', 'THE894', 25, 14, 'uploads\\theory\\29_qp.pdf', 'uploads\\theory\\29_key.pdf', '2026-03-16 04:55:27', 'CREATED', NULL, NULL, 0),
(30, 'THE1234', 'SPIC65', 25, 5, 'uploads\\theory\\exam_30\\QUESTION.PAPER.pdf', 'uploads\\theory\\exam_30\\KEY_PAPER.pdf', '2026-03-16 18:07:25', 'CREATED', NULL, NULL, 0),
(31, 'Data Structures', 'CS301', 50, 82, 'uploads\\theory\\exam_31\\QUESTION.PAPER.pdf', 'uploads\\theory\\exam_31\\answerpapera.pdf', '2026-03-17 09:34:56', 'CREATED', NULL, 0, 10),
(32, 'Computer Networks Test', 'CN101', 50, 2, 'uploads\\theory\\exam_32\\test_question1.pdf', 'uploads\\theory\\exam_32\\test_ket1.pdf', '2026-03-22 12:09:08', 'CREATED', NULL, 0, 0),
(33, 'Computer Networks Test', 'CN101', 50, 2, 'uploads\\theory\\exam_33\\test_question1.pdf', 'uploads\\theory\\exam_33\\test_ket1.pdf', '2026-03-22 12:51:59', 'CREATED', NULL, 0, 0),
(34, 'Data Structures Exam', 'CS301', 100, 94, NULL, NULL, '2026-03-23 04:49:50', 'CREATED', NULL, NULL, 0),
(35, 'testing theory exam', 'CS758', 25, 5, 'uploads\\theory\\exam_35\\Question_Paper.pdf', 'uploads\\theory\\exam_35\\Key_sheet.pdf', '2026-03-23 08:30:31', 'CREATED', NULL, 0, 0),
(36, 'testing79', 'THEOR68', 25, 5, 'uploads\\theory\\exam_36\\Question_Paper.pdf', 'uploads\\theory\\exam_36\\Key_sheet.pdf', '2026-03-24 08:19:25', 'CREATED', NULL, 0, 0),
(37, 'testing796', 'the78744', 25, 5, 'uploads\\theory\\exam_37\\Question_Paper.pdf', 'uploads\\theory\\exam_37\\Key_sheet.pdf', '2026-03-24 09:08:52', 'CREATED', NULL, 0, 0),
(38, 'ollama_testing', 'OLLAMA', 25, 5, 'uploads\\theory\\exam_38\\Question_Paper.pdf', 'uploads\\theory\\exam_38\\Key_sheet.pdf', '2026-03-27 05:36:15', 'CREATED', NULL, 0, 0),
(39, 'ollama_test', 'OLLAMA', 25, 12, 'uploads\\theory\\exam_39\\question_paper.pdf', 'uploads\\theory\\exam_39\\Key_Sheet__model_answer_sheet.pdf', '2026-03-27 16:49:24', 'CREATED', NULL, 0, 0),
(40, 'ollama_ versionmodel', 'version', 25, 12, 'uploads\\theory\\exam_40\\question_paper.pdf', 'uploads\\theory\\exam_40\\Key_Sheet__model_answer_sheet.pdf', '2026-03-27 18:43:20', 'CREATED', NULL, 0, 5),
(41, 'final_test', 'test', 25, 12, 'uploads\\theory\\exam_41\\question_paper.pdf', 'uploads\\theory\\exam_41\\Key_Sheet__model_answer_sheet.pdf', '2026-03-27 19:23:42', 'CREATED', NULL, 0, 0),
(42, 'web_test', 'web', 25, 12, 'uploads\\theory\\exam_42\\question_paper.pdf', 'uploads\\theory\\exam_42\\Key_Sheet__model_answer_sheet.pdf', '2026-03-27 19:52:02', 'CREATED', '2026-03-28', 50, 5),
(43, 'test_result', 'THE9499', 25, 12, 'uploads\\theory\\exam_43\\question_paper.pdf', 'uploads\\theory\\exam_43\\Key_Sheet__model_answer_sheet.pdf', '2026-03-28 07:50:26', 'CREATED', NULL, 0, 0),
(44, 'testingweb', 'WEB4329', 50, 10, 'uploads\\theory\\exam_44\\question_paper.pdf', 'uploads\\theory\\exam_44\\Key_Sheet__model_answer_sheet.pdf', '2026-03-29 18:41:35', 'CREATED', '2026-03-30', 49, 10),
(45, 'ollama123', 'THE23823', 25, 12, 'uploads\\theory\\exam_45\\question_paper.pdf', 'uploads\\theory\\exam_45\\Key_Sheet__model_answer_sheet.pdf', '2026-03-30 04:08:42', 'CREATED', '2026-03-30', 49, 5),
(46, 'AnotherTest', 'Test@23', 25, 12, 'uploads\\theory\\exam_46\\question_paper_2.pdf', 'uploads\\theory\\exam_46\\model_answer_paper2.pdf', '2026-03-30 04:37:17', 'CREATED', '2026-03-30', 50, 5),
(47, 'testing89088', 'tho088', 25, 12, 'uploads\\theory\\exam_47\\question_paper_2.pdf', 'uploads\\theory\\exam_47\\model_answer_paper2.pdf', '2026-03-30 05:03:22', 'CREATED', '2026-03-30', 50, 5);

-- --------------------------------------------------------

--
-- Table structure for table `theory_results`
--

CREATE TABLE `theory_results` (
  `id` int(11) NOT NULL,
  `exam_id` int(11) DEFAULT NULL,
  `student_roll` varchar(50) DEFAULT NULL,
  `total_score` float DEFAULT NULL,
  `max_score` float DEFAULT NULL,
  `percent` float DEFAULT NULL,
  `overall_comment` text DEFAULT NULL,
  `result_json` text DEFAULT NULL,
  `created_at` datetime DEFAULT NULL,
  `full_name` varchar(150) DEFAULT NULL
) ENGINE=InnoDB DEFAULT CHARSET=utf8mb4 COLLATE=utf8mb4_general_ci;

--
-- Dumping data for table `theory_results`
--

INSERT INTO `theory_results` (`id`, `exam_id`, `student_roll`, `total_score`, `max_score`, `percent`, `overall_comment`, `result_json`, `created_at`, `full_name`) VALUES
(1, 3, 'CS001', 24, 30, 80, 'Good effort, but some minor errors in definitions and examples.', '{\"total_score\": 24, \"max_score\": 30, \"percent\": 80, \"overall_comment\": \"Good effort, but some minor errors in definitions and examples.\", \"per_question\": [{\"q_no\": \"Q1\", \"max_marks\": 10, \"marks_awarded\": 8, \"brief_feedback\": \"Correctly identified examples, but definition was slightly off.\", \"confidence\": 0.8}, {\"q_no\": \"Q2\", \"max_marks\": 10, \"marks_awarded\": 8, \"brief_feedback\": \"Correctly identified types of Machine Learning, but definition was slightly off.\", \"confidence\": 0.8}, {\"q_no\": \"Q3\", \"max_marks\": 10, \"marks_awarded\": 8, \"brief_feedback\": \"Correctly identified application of Deep Learning, but definition was slightly off.\", \"confidence\": 0.8}]}', '2026-03-04 20:35:41', 'Arjun Kumar'),
(2, 3, 'CS002', 24, 30, 80, 'Good effort, but some areas for improvement.', '{\"total_score\": 24, \"max_score\": 30, \"percent\": 80, \"overall_comment\": \"Good effort, but some areas for improvement.\", \"per_question\": [{\"q_no\": \"Q1\", \"max_marks\": 10, \"marks_awarded\": 8, \"brief_feedback\": \"Your definition is close, but missing the simulation aspect.\", \"confidence\": 0.8}, {\"q_no\": \"Q2\", \"max_marks\": 10, \"marks_awarded\": 6, \"brief_feedback\": \"You\'ve identified some key concepts, but missed others.\", \"confidence\": 0.6}, {\"q_no\": \"Q3\", \"max_marks\": 10, \"marks_awarded\": 10, \"brief_feedback\": \"Excellent explanation of Deep Learning!\", \"confidence\": 1}]}', '2026-03-04 20:35:46', 'Arjun Kumar'),
(3, 3, 'CS003', 16, 30, 53.33, 'Good effort, but needs improvement in understanding the nuances of AI concepts.', '{\"total_score\": 16, \"max_score\": 30, \"percent\": 53.33, \"overall_comment\": \"Good effort, but needs improvement in understanding the nuances of AI concepts.\", \"per_question\": [{\"q_no\": \"Q1\", \"max_marks\": 10, \"marks_awarded\": 4, \"brief_feedback\": \"Your answer lacks depth and clarity. Al is more than just making computers \'act smart\'.\", \"confidence\": 0.4}, {\"q_no\": \"Q2\", \"max_marks\": 10, \"marks_awarded\": 6, \"brief_feedback\": \"Your answer is partially correct. You\'ve identified the main idea, but missed the types of Machine Learning.\", \"confidence\": 0.6}, {\"q_no\": \"Q3\", \"max_marks\": 10, \"marks_awarded\": 6, \"brief_feedback\": \"Your answer is partially correct. You\'ve identified the relationship, but missed the applications of Deep Learning.\", \"confidence\": 0.6}]}', '2026-03-04 20:35:50', 'Arjun Kumar'),
(4, 3, 'CS004', 24, 30, 80, 'Good effort, but some minor errors in definitions.', '{\"total_score\": 24, \"max_score\": 30, \"percent\": 80, \"overall_comment\": \"Good effort, but some minor errors in definitions.\", \"per_question\": [{\"q_no\": \"Q1\", \"max_marks\": 10, \"marks_awarded\": 8, \"brief_feedback\": \"You mentioned chatbots and recommendation systems, but forgot self-driving cars.\", \"confidence\": 0.8}, {\"q_no\": \"Q2\", \"max_marks\": 10, \"marks_awarded\": 6, \"brief_feedback\": \"You correctly mentioned the types of machine learning, but forgot to mention it\'s a subset of AI.\", \"confidence\": 0.6}, {\"q_no\": \"Q3\", \"max_marks\": 10, \"marks_awarded\": 10, \"brief_feedback\": \"Excellent, you correctly defined deep learning!\", \"confidence\": 1.0}]}', '2026-03-04 20:35:54', 'Vishnu Prasad'),
(5, 3, 'CS005', 24, 30, 80, 'Good effort, but some areas for improvement.', '{\"total_score\": 24, \"max_score\": 30, \"percent\": 80, \"overall_comment\": \"Good effort, but some areas for improvement.\", \"per_question\": [{\"q_no\": \"Q1\", \"max_marks\": 10, \"marks_awarded\": 8, \"brief_feedback\": \"Your answer is partially correct. You missed the examples of self-driving cars, speech recognition systems, and recommendation systems.\", \"confidence\": 0.8}, {\"q_no\": \"Q2\", \"max_marks\": 10, \"marks_awarded\": 6, \"brief_feedback\": \"Your answer is partially correct. You missed the main types of Supervised Learning, Unsupervised Learning, and Reinforcement Learning.\", \"confidence\": 0.6}, {\"q_no\": \"Q3\", \"max_marks\": 10, \"marks_awarded\": 10, \"brief_feedback\": \"Excellent! Your answer is fully correct.\", \"confidence\": 1}]}', '2026-03-04 20:35:58', 'Vishnu Prasad'),
(6, 3, 'AI001', 24, 30, 80, 'Good effort, but some answers are incomplete or incorrect.', '{\"total_score\": 24, \"max_score\": 30, \"percent\": 80, \"overall_comment\": \"Good effort, but some answers are incomplete or incorrect.\", \"per_question\": [{\"q_no\": \"Q1\", \"max_marks\": 10, \"marks_awarded\": 8, \"brief_feedback\": \"Good explanation, but some details are missing.\", \"confidence\": 0.8}, {\"q_no\": \"Q2\", \"max_marks\": 10, \"marks_awarded\": 0, \"brief_feedback\": \"Answer is incomplete and does not match the answer key.\", \"confidence\": 0}, {\"q_no\": \"Q3\", \"max_marks\": 10, \"marks_awarded\": 6, \"brief_feedback\": \"Good attempt, but some details are incorrect.\", \"confidence\": 0.6}]}', '2026-03-05 07:55:20', NULL),
(7, 3, 'AI002', 24, 30, 80, 'The student has shown a good understanding of the concepts, but there are some areas where the answers are incomplete or incorrect.', '{\"total_score\": 24, \"max_score\": 30, \"percent\": 80, \"overall_comment\": \"The student has shown a good understanding of the concepts, but there are some areas where the answers are incomplete or incorrect.\", \"per_question\": [{\"q_no\": \"Q1\", \"max_marks\": 10, \"marks_awarded\": 8, \"brief_feedback\": \"The student has provided a good explanation of AI, but missed some key points.\", \"confidence\": 0.8}, {\"q_no\": \"Q2\", \"max_marks\": 10, \"marks_awarded\": 6, \"brief_feedback\": \"The student has mentioned some types of Machine Learning, but not all of them.\", \"confidence\": 0.6}, {\"q_no\": \"Q3\", \"max_marks\": 10, \"marks_awarded\": 10, \"brief_feedback\": \"The student has provided a good explanation of Deep Learning.\", \"confidence\": 1}]}', '2026-03-05 07:55:32', NULL),
(8, 3, 'AI003', 0, 30, 0, 'Unfortunately, the student\'s answer does not demonstrate a clear understanding of the topics covered in the exam. The answer is mostly illegible and does not address any of the questions.', '{\"total_score\": 0, \"max_score\": 30, \"percent\": 0, \"overall_comment\": \"Unfortunately, the student\'s answer does not demonstrate a clear understanding of the topics covered in the exam. The answer is mostly illegible and does not address any of the questions.\", \"per_question\": [{\"q_no\": \"Q1\", \"max_marks\": 10, \"marks_awarded\": 0, \"brief_feedback\": \"The student\'s answer does not address the question about Artificial Intelligence.\", \"confidence\": 0}, {\"q_no\": \"Q2\", \"max_marks\": 10, \"marks_awarded\": 0, \"brief_feedback\": \"The student\'s answer does not address the question about Machine Learning.\", \"confidence\": 0}, {\"q_no\": \"Q3\", \"max_marks\": 10, \"marks_awarded\": 0, \"brief_feedback\": \"The student\'s answer does not address the question about Deep Learning.\", \"confidence\": 0}]}', '2026-03-05 07:55:44', NULL),
(9, 3, 'AI004', 24, 30, 80, 'The student has shown a good understanding of the concepts, but there are some areas where the answers are incomplete or incorrect.', '{\"total_score\": 24, \"max_score\": 30, \"percent\": 80, \"overall_comment\": \"The student has shown a good understanding of the concepts, but there are some areas where the answers are incomplete or incorrect.\", \"per_question\": [{\"q_no\": \"Q1\", \"max_marks\": 10, \"marks_awarded\": 8, \"brief_feedback\": \"The student has provided a good explanation of AI, but missed some key points.\", \"confidence\": 0.8}, {\"q_no\": \"Q2\", \"max_marks\": 10, \"marks_awarded\": 6, \"brief_feedback\": \"The student has partially explained Machine Learning, but missed some key types.\", \"confidence\": 0.6}, {\"q_no\": \"Q3\", \"max_marks\": 10, \"marks_awarded\": 10, \"brief_feedback\": \"The student has provided a complete and accurate explanation of Deep Learning.\", \"confidence\": 1}]}', '2026-03-05 07:55:54', NULL),
(10, 3, 'AI005', 24, 30, 80, 'The student has shown a good understanding of the concepts, but there are some errors and incomplete answers.', '{\"total_score\": 24, \"max_score\": 30, \"percent\": 80, \"overall_comment\": \"The student has shown a good understanding of the concepts, but there are some errors and incomplete answers.\", \"per_question\": [{\"q_no\": \"Q1\", \"max_marks\": 10, \"marks_awarded\": 8, \"brief_feedback\": \"The student has provided a good explanation of AI, but missed some key points.\", \"confidence\": 0.8}, {\"q_no\": \"Q2\", \"max_marks\": 10, \"marks_awarded\": 6, \"brief_feedback\": \"The student has partially answered the question, but missed some key types of Machine Learning.\", \"confidence\": 0.6}, {\"q_no\": \"Q3\", \"max_marks\": 10, \"marks_awarded\": 10, \"brief_feedback\": \"The student has provided a complete and accurate answer to the question.\", \"confidence\": 1}]}', '2026-03-05 07:56:04', NULL),
(11, 14, 'CS001', 60, 100, 60, 'The student has shown a good understanding of the subject matter, but there are some areas where the answer is incomplete or incorrect.', '{\"total_score\": 60, \"max_score\": 100, \"percent\": 60, \"overall_comment\": \"The student has shown a good understanding of the subject matter, but there are some areas where the answer is incomplete or incorrect.\", \"per_question\": [{\"q_no\": \"Q1\", \"max_marks\": 10, \"marks_awarded\": 8, \"brief_feedback\": \"The student has provided a good explanation, but there are some minor errors in the details.\", \"confidence\": 0.8}, {\"q_no\": \"Q2\", \"max_marks\": 20, \"marks_awarded\": 12, \"brief_feedback\": \"The student has provided a good explanation, but there are some minor errors in the details.\", \"confidence\": 0.7}, {\"q_no\": \"Q3\", \"max_marks\": 20, \"marks_awarded\": 10, \"brief_feedback\": \"The student has provided a good explanation, but there are some minor errors in the details.\", \"confidence\": 0.6}, {\"q_no\": \"Q4\", \"max_marks\": 20, \"marks_awarded\": 10, \"brief_feedback\": \"The student has provided a good explanation, but there are some minor errors in the details.\", \"confidence\": 0.5}, {\"q_no\": \"Q5\", \"max_marks\": 30, \"marks_awarded\": 20, \"brief_feedback\": \"The student has provided a good explanation, but there are some minor errors in the details.\", \"confidence\": 0.4}]}', '2026-03-10 06:51:16', 'Arjun Kumar'),
(12, 13, 'CS001', 60, 100, 60, 'The student has shown a good understanding of the course material, but there are some areas where they need improvement.', '{\"total_score\": 60, \"max_score\": 100, \"percent\": 60, \"overall_comment\": \"The student has shown a good understanding of the course material, but there are some areas where they need improvement.\", \"per_question\": [{\"q_no\": \"Q1\", \"max_marks\": 10, \"marks_awarded\": 8, \"brief_feedback\": \"Good explanation of the concept, but some minor errors.\", \"confidence\": 0.8}, {\"q_no\": \"Q2\", \"max_marks\": 20, \"marks_awarded\": 12, \"brief_feedback\": \"Good attempt, but some key points are missing.\", \"confidence\": 0.6}, {\"q_no\": \"Q3\", \"max_marks\": 20, \"marks_awarded\": 10, \"brief_feedback\": \"Good explanation, but some minor errors.\", \"confidence\": 0.7}, {\"q_no\": \"Q4\", \"max_marks\": 20, \"marks_awarded\": 10, \"brief_feedback\": \"Good attempt, but some key points are missing.\", \"confidence\": 0.5}, {\"q_no\": \"Q5\", \"max_marks\": 30, \"marks_awarded\": 20, \"brief_feedback\": \"Good explanation, but some minor errors.\", \"confidence\": 0.8}]}', '2026-03-10 07:45:00', 'Arjun Kumar'),
(13, 9, 'CS001', 60, 100, 60, 'The student has shown a good understanding of the course material, but there are some areas where they need improvement.', '{\"total_score\": 60, \"max_score\": 100, \"percent\": 60, \"overall_comment\": \"The student has shown a good understanding of the course material, but there are some areas where they need improvement.\", \"per_question\": [{\"q_no\": \"Q1\", \"max_marks\": 10, \"marks_awarded\": 8, \"brief_feedback\": \"Good explanation of the concept, but some minor errors.\", \"confidence\": 0.8}, {\"q_no\": \"Q2\", \"max_marks\": 20, \"marks_awarded\": 12, \"brief_feedback\": \"Good attempt, but some key points are missing.\", \"confidence\": 0.6}, {\"q_no\": \"Q3\", \"max_marks\": 20, \"marks_awarded\": 10, \"brief_feedback\": \"Good explanation, but some minor errors.\", \"confidence\": 0.7}, {\"q_no\": \"Q4\", \"max_marks\": 20, \"marks_awarded\": 10, \"brief_feedback\": \"Good attempt, but some key points are missing.\", \"confidence\": 0.5}, {\"q_no\": \"Q5\", \"max_marks\": 30, \"marks_awarded\": 20, \"brief_feedback\": \"Good explanation, but some minor errors.\", \"confidence\": 0.8}]}', '2026-03-10 08:06:55', 'Arjun Kumar'),
(14, 16, 'CS001', 60, 100, 60, 'The student has shown a good understanding of the subject matter, but there are some areas where the answer is incomplete or incorrect.', '{\"total_score\": 60, \"max_score\": 100, \"percent\": 60, \"overall_comment\": \"The student has shown a good understanding of the subject matter, but there are some areas where the answer is incomplete or incorrect.\", \"per_question\": [{\"q_no\": \"Q1\", \"max_marks\": 10, \"marks_awarded\": 8, \"brief_feedback\": \"The student has provided a good explanation of the concept, but there are some minor errors in the details.\", \"confidence\": 0.8}, {\"q_no\": \"Q2\", \"max_marks\": 20, \"marks_awarded\": 15, \"brief_feedback\": \"The student has provided a good explanation of the concept, but there are some minor errors in the details.\", \"confidence\": 0.75}, {\"q_no\": \"Q3\", \"max_marks\": 20, \"marks_awarded\": 10, \"brief_feedback\": \"The student has provided a good explanation of the concept, but there are some major errors in the details.\", \"confidence\": 0.5}, {\"q_no\": \"Q4\", \"max_marks\": 20, \"marks_awarded\": 15, \"brief_feedback\": \"The student has provided a good explanation of the concept, but there are some minor errors in the details.\", \"confidence\": 0.75}, {\"q_no\": \"Q5\", \"max_marks\": 30, \"marks_awarded\": 12, \"brief_feedback\": \"The student has provided a good explanation of the concept, but there are some major errors in the details.\", \"confidence\": 0.4}]}', '2026-03-11 03:21:33', 'Arjun Kumar'),
(16, 17, 'CS007', 0, 100, 0, 'Unfortunately, the student\'s answer does not match the answer key. The student\'s response is mostly unrelated to the question.', '{\"total_score\": 0, \"max_score\": 100, \"percent\": 0, \"overall_comment\": \"Unfortunately, the student\'s answer does not match the answer key. The student\'s response is mostly unrelated to the question.\", \"per_question\": [{\"q_no\": \"Q1\", \"max_marks\": 10, \"marks_awarded\": 0, \"brief_feedback\": \"The student\'s answer does not match the answer key.\", \"confidence\": 0}]}', '2026-03-11 05:07:40', 'Suri Surendra'),
(17, 19, 'CS020', 2, 10, 20, 'Student answered 2 out of 10 questions correctly.', '{\"total_score\": 2, \"max_score\": 10, \"percent\": 20, \"overall_comment\": \"Student answered 2 out of 10 questions correctly.\", \"per_question\": [{\"q_no\": \"Q1\", \"max_marks\": 2, \"marks_awarded\": 0, \"brief_feedback\": \"\", \"confidence\": 0}, {\"q_no\": \"Q2\", \"max_marks\": 2, \"marks_awarded\": 0, \"brief_feedback\": \"\", \"confidence\": 0}, {\"q_no\": \"Q3\", \"max_marks\": 2, \"marks_awarded\": 0, \"brief_feedback\": \"\", \"confidence\": 0}, {\"q_no\": \"Q4\", \"max_marks\": 2, \"marks_awarded\": 0, \"brief_feedback\": \"\", \"confidence\": 0}, {\"q_no\": \"Q5\", \"max_marks\": 2, \"marks_awarded\": 0, \"brief_feedback\": \"\", \"confidence\": 0}, {\"q_no\": \"Q6\", \"max_marks\": 1, \"marks_awarded\": 1, \"brief_feedback\": \"\", \"confidence\": 0}, {\"q_no\": \"Q7\", \"max_marks\": 1, \"marks_awarded\": 1, \"brief_feedback\": \"\", \"confidence\": 0}]}', '2026-03-11 07:37:25', 'Aditya Varma'),
(18, 19, 'CS021', 0, 2, 0, 'AI evaluated answers question by question.', '{\"total_score\": 0, \"max_score\": 2, \"percent\": 0.0, \"overall_comment\": \"AI evaluated answers question by question.\", \"per_question\": [{\"max_marks\": 2, \"marks_awarded\": 0, \"brief_feedback\": \"The student\'s answer does not match the answer key. The correct answer is \'0000 000 acres 0 0 miles 0 0 miles 0, 1 in.\'\", \"confidence\": 0, \"q_no\": \"Q1\"}]}', '2026-03-11 08:54:01', 'Aditya Varma'),
(19, 20, 'CS020', 0, 2, 0, 'AI evaluated answers question by question.', '{\"total_score\": 0, \"max_score\": 2, \"percent\": 0.0, \"overall_comment\": \"AI evaluated answers question by question.\", \"per_question\": [{\"max_marks\": 2, \"marks_awarded\": 0, \"brief_feedback\": \"The student\'s answer is incorrect as it includes additional information (p. 5, to avoid) and incorrect formatting (0 0).\", \"confidence\": 0, \"q_no\": \"Q1\"}]}', '2026-03-11 15:56:06', 'Aditya Varma'),
(20, 20, 'CS021', 0, 2, 0, 'AI evaluated answers question by question.', '{\"total_score\": 0, \"max_score\": 2, \"percent\": 0.0, \"overall_comment\": \"AI evaluated answers question by question.\", \"per_question\": [{\"max_marks\": 2, \"marks_awarded\": 0, \"brief_feedback\": \"The student\'s answer is incorrect as it includes additional information (p. 5, to avoid) and incorrect formatting (0 0).\", \"confidence\": 0, \"q_no\": \"Q1\"}]}', '2026-03-11 15:56:22', 'Aditya Varma'),
(21, 20, 'CS007', 0, 2, 0, 'AI evaluated answers question by question.', '{\"total_score\": 0, \"max_score\": 2, \"percent\": 0.0, \"overall_comment\": \"AI evaluated answers question by question.\", \"per_question\": [{\"max_marks\": 2, \"marks_awarded\": 0, \"brief_feedback\": \"The student\'s answer is incorrect as it includes additional information (p. 5, to avoid) and incorrect formatting (0 0).\", \"confidence\": 0, \"q_no\": \"Q1\"}]}', '2026-03-11 15:56:38', 'Suri Surendra'),
(22, 20, 'CS018', 0, 2, 0, 'AI evaluated answers question by question.', '{\"total_score\": 0, \"max_score\": 2, \"percent\": 0.0, \"overall_comment\": \"AI evaluated answers question by question.\", \"per_question\": [{\"max_marks\": 2, \"marks_awarded\": 0, \"brief_feedback\": \"The student\'s answer does not match the answer key. Please review the concept of partial credit.\", \"confidence\": 0.0, \"q_no\": \"Q1\"}]}', '2026-03-11 16:56:20', 'Rohit Sharma'),
(23, 20, 'CS025', 0, 2, 0, 'AI evaluated answers question by question.', '{\"total_score\": 0, \"max_score\": 2, \"percent\": 0.0, \"overall_comment\": \"AI evaluated answers question by question.\", \"per_question\": [{\"max_marks\": 2, \"marks_awarded\": 0, \"brief_feedback\": \"The student\'s answer does not match the answer key. Please review the concept of partial credit.\", \"confidence\": 0.0, \"q_no\": \"Q1\"}]}', '2026-03-11 17:00:30', 'Harsha Vardhan'),
(24, 21, 'CS011', 0, 2, 0, 'AI evaluated answers question by question.', '{\"total_score\": 0, \"max_score\": 2, \"percent\": 0.0, \"overall_comment\": \"AI evaluated answers question by question.\", \"per_question\": [{\"max_marks\": 2, \"marks_awarded\": 0, \"brief_feedback\": \"The student\'s answer does not match the answer key. Please review the concept of partial credit.\", \"confidence\": 0.0, \"q_no\": \"Q1\"}]}', '2026-03-11 17:18:07', 'Karthik Reddy'),
(25, 21, 'CS015', 0, 2, 0, 'AI evaluated answers question by question.', '{\"total_score\": 0, \"max_score\": 2, \"percent\": 0.0, \"overall_comment\": \"AI evaluated answers question by question.\", \"per_question\": [{\"max_marks\": 2, \"marks_awarded\": 0, \"brief_feedback\": \"The student\'s answer does not match the answer key. Please review the concept of partial credit.\", \"confidence\": 0.0, \"q_no\": \"Q1\"}]}', '2026-03-11 17:40:06', 'Sai Teja'),
(26, 22, 'CS016', 18, 25, 72, 'The student demonstrates a strong understanding of fundamental concepts like computer networks and IP addresses. However, there are significant misconceptions regarding the function of a router and a very basic understanding of the OSI model. The comparison between LAN and WAN also contained some inaccuracies. Focus on the specific roles of networking devices and the layered models for improvement.', '{\"total_score\": 18, \"max_score\": 25, \"percent\": 72, \"overall_comment\": \"The student demonstrates a strong understanding of fundamental concepts like computer networks and IP addresses. However, there are significant misconceptions regarding the function of a router and a very basic understanding of the OSI model. The comparison between LAN and WAN also contained some inaccuracies. Focus on the specific roles of networking devices and the layered models for improvement.\", \"per_question\": [{\"question_number\": 1, \"question_text\": \"What is a computer network?\", \"student_answer\": \"A Computer Network is a Collection of interconnected Computers, servers and other devices that communicate with each other through Communicatio channels such as cables, fiber optics, or wirless Signals. The main purpose of a netwok is to enable Sharing of resources and information. Networks allow signals the main pur users to share files, printers, applications, and internet connections efficiently. They also support Communication methods Like email, video Conferencing, and messaging. Computer networks improve productivity, reduce operational costs, provide antralized Control of data and alloco remote access to information, making them essential in modern organizations, education, and daily life.\", \"score\": 5, \"max_score\": 5, \"comment\": \"The student\'s answer is comprehensive and accurately covers all key aspects of a computer network, including its definition, purpose, benefits, and communication methods, closely matching the answer key.\"}, {\"question_number\": 2, \"question_text\": \"What is an IP address?\", \"student_answer\": \"An IP address is a unique numerical identifier assigned to every device connected to a computer network that uses the Internet protocol for Communication. It helps identify the source and destination of data packets So that information can be delivered Correctly. There are two main version; IPV4, which is a 32-bit address written in decimal format. eg: 192.168.11. and IPV6. which is a 128-bit address written in hexadecimal formab to support a larger number of device IP address Can be static (manually assigned and fired) or dynamic (automatically) assined by OHCP server). They are essential for communicate between devices over network and the Duternet.\", \"score\": 5, \"max_score\": 5, \"comment\": \"The student provided a very accurate and detailed explanation of an IP address, including its definition, purpose, versions (IPv4 and IPv6 with correct bit lengths and formats), and types (static/dynamic), aligning perfectly with the answer key.\"}, {\"question_number\": 3, \"question_text\": \"What is the difference between LAN and WAN?\", \"student_answer\": \"LAN (Local Area Network) and WAN (Cwide Area Network) are Categories of Computer networks based on their geographical Converage.. A LAN typtally covers a small area such as a home, office or school and usually provides high data transfer Speeds and loco Latency because it is locally managed It is often owned and maintained by a. single organization. In contrast, a WAN spans larger areas such as cities or countries and connects multiple smaller networks together. However, WANs generally offer faster speeds than LANs because they use advanced transmission technologies and are easier to set up and maintain. The Internet is considered a WAN, and cunlike LANS, LAWANS do not reply on Services providers for Connectivity.\", \"score\": 3.5, \"max_score\": 5, \"comment\": \"The student correctly identified the geographical coverage, management, and latency differences. However, the statement that WANs generally offer \'faster speeds than LANs\' is incorrect, as WANs typically have lower speeds and higher latency compared to LANs. Also, the explanation of WAN connectivity was a bit unclear compared to the key\'s mention of public infrastructure.\"}, {\"question_number\": 4, \"question_text\": \"What is a router?\", \"student_answer\": \"A router is a hardware device mainly used to store files and run software applications for users on a network. It is primarty function is to increase the physicof speed of internet cables and generate Wifi-signals directly from satellites without needing any network Connection. Routers operate at the Application Layer of the OSL model and do not handle dates packets or addresses. They are typically used to replace computers in a network and eliminate the need for IP address. Modern roucters are designed mainly for printing documents and charging other electronic devices rather than managing network fraffic.\", \"score\": 2, \"max_score\": 5, \"comment\": \"The student attempted the question, earning 2 marks. However, the description of a router\'s function, its operation layer (stated as Application Layer instead of Network Layer), and its primary purpose are largely incorrect and do not align with the answer key.\"}, {\"question_number\": 5, \"question_text\": \"What is the OSI model?\", \"student_answer\": \"The OS1 model is a networking model that explains how communication happens between devices. It has Several layers that help dabar travel from one System to another and is used to under stand network functions.\", \"score\": 2.5, \"max_score\": 5, \"comment\": \"The student provided a very basic definition, correctly identifying it as a networking model with layers that explain communication. However, it lacks crucial details such as it being a \'conceptual framework,\' having \'seven distinct layers,\' listing those layers, or explaining its benefits like standardization, interoperability, and troubleshooting, which are all present in the answer key.\"}]}', '2026-03-11 20:00:35', 'Rohit Sharma'),
(31, 26, 'CS010', 19.5, 25, 78, 'The student demonstrated excellent understanding of fundamental networking concepts in Questions 1 and 2. Question 3 showed good understanding of LAN and WAN, though the comparison regarding speed and setup was incorrect. Question 5 provided a basic definition of the OSI model but lacked detail. Question 4 on routers was largely incorrect, indicating a significant misunderstanding of the device\'s function and operation.', '{\"total_score\": 19.5, \"max_score\": 25, \"percent\": 78, \"overall_comment\": \"The student demonstrated excellent understanding of fundamental networking concepts in Questions 1 and 2. Question 3 showed good understanding of LAN and WAN, though the comparison regarding speed and setup was incorrect. Question 5 provided a basic definition of the OSI model but lacked detail. Question 4 on routers was largely incorrect, indicating a significant misunderstanding of the device\'s function and operation.\", \"per_question\": [{\"question_number\": 1, \"score\": 5, \"max_question_score\": 5, \"comment\": \"The student provided a comprehensive and accurate definition of a computer network, including its purpose, shared resources, communication methods, and benefits, aligning perfectly with the answer key.\"}, {\"question_number\": 2, \"score\": 5, \"max_question_score\": 5, \"comment\": \"The student\'s answer is highly accurate and detailed, covering the definition, purpose, different versions (IPv4 and IPv6 with bit lengths and formats), and types (static/dynamic) of an IP address. Minor spelling errors do not detract from the technical correctness.\"}, {\"question_number\": 3, \"score\": 4, \"max_question_score\": 5, \"comment\": \"The student correctly defined LAN and WAN based on geographical coverage and accurately described key characteristics for both (e.g., LAN\'s small area, high speed, low latency, private management; WAN\'s large area, connection of multiple LANs, and the Internet as an example). However, the comparison regarding WANs having \'faster speeds than LANs\' and being \'easier to set up and maintain\' is factually incorrect, leading to a deduction.\"}, {\"question_number\": 4, \"score\": 2, \"max_question_score\": 5, \"comment\": \"The student attempted the question, but the answer provided is largely incorrect. The description of a router\'s function, its operating layer in the OSI model, and its primary purpose deviates significantly from the correct definition.\"}, {\"question_number\": 5, \"score\": 3.5, \"max_question_score\": 5, \"comment\": \"The student provided a basic understanding of the OSI model as a networking model with several layers that facilitate communication. However, the answer lacks crucial details such as it being a \'conceptual framework,\' its role in \'standardizing functions,\' the specific number of layers (seven), and listing the individual layers or their distinct roles.\"}]}', '2026-03-12 07:56:48', 'Karthik Reddy'),
(32, 27, 'CS001', 19.5, 25, 78, 'The student demonstrated excellent understanding of fundamental networking concepts in Questions 1 and 2. Question 3 showed good understanding of LAN and WAN, though the comparison regarding speed and setup was incorrect. Question 5 provided a basic definition of the OSI model but lacked detail. Question 4 on routers was largely incorrect, indicating a significant misunderstanding of the device\'s function and operation.', '{\"total_score\": 19.5, \"max_score\": 25, \"percent\": 78, \"overall_comment\": \"The student demonstrated excellent understanding of fundamental networking concepts in Questions 1 and 2. Question 3 showed good understanding of LAN and WAN, though the comparison regarding speed and setup was incorrect. Question 5 provided a basic definition of the OSI model but lacked detail. Question 4 on routers was largely incorrect, indicating a significant misunderstanding of the device\'s function and operation.\", \"per_question\": [{\"question_number\": 1, \"score\": 5, \"max_question_score\": 5, \"comment\": \"The student provided a comprehensive and accurate definition of a computer network, including its purpose, shared resources, communication methods, and benefits, aligning perfectly with the answer key.\"}, {\"question_number\": 2, \"score\": 5, \"max_question_score\": 5, \"comment\": \"The student\'s answer is highly accurate and detailed, covering the definition, purpose, different versions (IPv4 and IPv6 with bit lengths and formats), and types (static/dynamic) of an IP address. Minor spelling errors do not detract from the technical correctness.\"}, {\"question_number\": 3, \"score\": 4, \"max_question_score\": 5, \"comment\": \"The student correctly defined LAN and WAN based on geographical coverage and accurately described key characteristics for both (e.g., LAN\'s small area, high speed, low latency, private management; WAN\'s large area, connection of multiple LANs, and the Internet as an example). However, the comparison regarding WANs having \'faster speeds than LANs\' and being \'easier to set up and maintain\' is factually incorrect, leading to a deduction.\"}, {\"question_number\": 4, \"score\": 2, \"max_question_score\": 5, \"comment\": \"The student attempted the question, but the answer provided is largely incorrect. The description of a router\'s function, its operating layer in the OSI model, and its primary purpose deviates significantly from the correct definition.\"}, {\"question_number\": 5, \"score\": 3.5, \"max_question_score\": 5, \"comment\": \"The student provided a basic understanding of the OSI model as a networking model with several layers that facilitate communication. However, the answer lacks crucial details such as it being a \'conceptual framework,\' its role in \'standardizing functions,\' the specific number of layers (seven), and listing the individual layers or their distinct roles.\"}]}', '2026-03-13 04:04:54', 'Arjun Kumar'),
(33, 28, 'CS010', 19, 25, 76, 'The student demonstrates a strong understanding of fundamental networking concepts such as computer networks and IP addresses. However, there are significant misconceptions regarding the function of a router, and some inaccuracies in the comparison of LAN and WAN characteristics. The understanding of the OSI model is present but lacks depth and specific details.', '{\"total_score\": 19, \"max_score\": 25, \"percent\": 76, \"overall_comment\": \"The student demonstrates a strong understanding of fundamental networking concepts such as computer networks and IP addresses. However, there are significant misconceptions regarding the function of a router, and some inaccuracies in the comparison of LAN and WAN characteristics. The understanding of the OSI model is present but lacks depth and specific details.\", \"per_question\": [{\"question_number\": 1, \"question_text\": \"What is a computer network?\", \"student_answer\": \"A Computer Network is a Collection of interconnected Computers, servers and other devices that communicate with each other through Communicatio channels such as cables, fiber optics or wirless Signals. The main purpose of a netwok is to enable sharing of resources and information. Networks allow signals The the main pur users to share files, printers, applications, and internet connections efficiently. They also support Communication methods Like email, video conferencing, and messaging. Computer networks improve productivity, reduce operational costs, provides antralized Control of data and alloco remote access to information, making them essential in modern organizations, education, and darly Life.\", \"answer_key\": \"A computer network is a collection of interconnected computers, servers, and other devices that communicate with each other through communication channels such as cables, fiber optics, or wireless signals. The main purpose of a network is to enable sharing of resources and information. Networks allow users to share files, printers, applications, and internet connections efficiently. They also support communication methods like email, video conferencing, and messaging. Computer networks improve productivity, reduce operational costs, provide centralized control of data, and allow remote access to information, making them essential in modern organizations, education, and daily life.\", \"score\": 5, \"max_score\": 5, \"comment\": \"The student\'s answer is comprehensive and accurately covers all key aspects of a computer network, including its definition, purpose, communication methods, and benefits, aligning perfectly with the answer key.\"}, {\"question_number\": 2, \"question_text\": \"What is an IP address?\", \"student_answer\": \"An IP address is a unique numerical identifier assigned to every device connected to a computer network that uses the Internet protocol for Communication. It helps identity the source and destination of data packets So that information can be delivered Correctly. There are two main version; IPv4, which is a 32-bit address written in decimal format. eg: 192.168.11. and 1PV6. which is a 128-bit address written in hexadecimal format to support a larger number of device. IP addres Can be static (manually assigned and fired) or dynamic (automatically) assined by OHCP server). They are essential for communicate between devices over network and the Internet\", \"answer_key\": \"An IP address (Internet Protocol address) is a unique numerical identifier assigned to every device connected to a computer network that uses the Internet Protocol for communication. It helps identify the source and destination of data packets so that information can be delivered correctly. There are two main versions: IPv4, which is a 32-bit address written in decimal format (e.g., 192.168.1.1), and IPv6, which is a 128-bit address written in hexadecimal format to support a larger number of devices. IP addresses can be static (manually assigned and fixed) or dynamic (automatically assigned by a DHCP server). They are essential for communication between devices over networks and the internet.\", \"score\": 5, \"max_score\": 5, \"comment\": \"The student provides a highly accurate and detailed explanation of an IP address, covering its definition, purpose, versions (IPv4 and IPv6 with their formats), and types (static/dynamic). The answer is consistent with the key.\"}, {\"question_number\": 3, \"question_text\": \"What is the difference between LAN and WAN?\", \"student_answer\": \"LAN (Local Area Network) and WAN (Cwide Area Network) are Categories of Gmputer networks based on their geographical Converage. A LAN typtcally Covers a small area such as a home, office or school and usually provides high data transfer Speeds and Loco latency because it is locally managed It is often owned and maintained by a single organization. In contrast, a WAN spans larger areas such as Cities or countries and connects multiple smaller networks together. However, WANs generally offer faster speeds than LANs because they use advanced transmission technologies and are easier to set up and maintain The Internet is considered a WAN, and cunlike LANS, WANs do not reply on Services providers for Connectivity.\", \"answer_key\": \"LAN (Local Area Network) and WAN (Wide Area Network) are types of computer networks classified based on geographic coverage. A LAN covers a small area such as a home, school, or office building. It usually offers high data transfer speeds, low latency, and is privately managed. Examples include school computer labs and office networks. In contrast, a WAN covers a large geographic area such as cities, countries, or continents. WANS connect multiple LANs together and often rely on public communication infrastructure like telephone lines or satellites. The Internet is the largest example of a WAN. Compared to LANS, WANs typically have lower speeds, higher latency, and higher setup costs.\", \"score\": 4, \"max_score\": 5, \"comment\": \"The student correctly defines LAN and WAN based on geographical coverage and accurately describes LAN characteristics (small area, high speed, low latency, privately managed). The description of WAN coverage and its role in connecting LANs is also correct. However, the student incorrectly states that WANs offer \'faster speeds than LANs\' and are \'easier to set up and maintain\', which contradicts the answer key\'s comparison of lower speeds, higher latency, and higher setup costs for WANs.\"}, {\"question_number\": 4, \"question_text\": \"What is a router?\", \"student_answer\": \"A router is a hardware device mainly used to store files and run software applications for users on a network. It is primarty function is to increase the physical speed of internet cables and generate Wifi-signals directly from satellites without needing any network Connection - Routers operate at the Application Layer of the Ost model and do not handle dates packets or addresses. They are typically used to replace computers in a network and eliminate the need for Ip address. Modern roucters are designed mainly for printing documents and charging other electronic devices rather than managing network fraffic.\", \"answer_key\": \"A router is a networking device that connects two or more networks and forwards data packets between them based on their IP addresses. It acts as a traffic controller, determining the best path for data to travel from source to destination. Routers operate mainly at the Network layer of the OSI model and use routing tables and protocols to make forwarding decisions. They are commonly used to connect a local network to the internet, allowing multiple devices to share a single internet connection. Modern routers often include additional features such as firewall protection, wireless access, network address translation (NAT), and bandwidth management to improve network performance and security.\", \"score\": 2, \"max_score\": 5, \"comment\": \"The student attempted the question, earning 2 marks. However, the answer contains significant inaccuracies regarding the primary functions of a router (e.g., storing files, running applications, increasing physical speed, generating Wi-Fi from satellites). It also incorrectly states that routers operate at the Application Layer of the OSI model and do not handle data packets or addresses, which are fundamental misunderstandings.\"}, {\"question_number\": 5, \"question_text\": \"What is the OSI model?\", \"student_answer\": \"The OS1 model is a networking model that explains how communication happens between devices. It has Several Layers that help daba travel from one System to another and is used to under stand network functions.\", \"answer_key\": \"The OSI (Open Systems Interconnection) model is a conceptual framework developed to standardize the functions of a communication system into seven distinct layers. It helps in understanding, designing, and troubleshooting network communication. The seven layers are: Physical, Data Link, Network, Transport, Session, Presentation, and Application. Each layer performs a specific role, such as transmitting raw bits, handling error detection, routing data, ensuring reliable delivery, managing sessions, formatting data, and providing services to applications. By dividing network communication into layers, the OSI model simplifies network design, ensures interoperability between different systems, and makes it easier to identify and fix network issues.\", \"score\": 3, \"max_score\": 5, \"comment\": \"The student provides a basic definition of the OSI model, correctly identifying it as a networking model with layers that facilitate communication and help understand network functions. However, the answer lacks crucial details such as it being a \'conceptual framework\' for \'standardizing functions\' into \'seven distinct layers\', and does not list the layers or elaborate on their specific roles or the model\'s benefits beyond a general understanding.\"}]}', '2026-03-13 06:42:34', 'Karthik Reddy'),
(34, 29, 'CS001', 19.5, 25, 78, 'The student demonstrated excellent understanding of fundamental networking concepts in Questions 1 and 2. Question 3 showed good understanding of LAN and WAN, though the comparison regarding speed and setup was incorrect. Question 5 provided a basic definition of the OSI model but lacked detail. Question 4 on routers was largely incorrect, indicating a significant misunderstanding of the device\'s function and operation.', '{\"total_score\": 19.5, \"max_score\": 25, \"percent\": 78, \"overall_comment\": \"The student demonstrated excellent understanding of fundamental networking concepts in Questions 1 and 2. Question 3 showed good understanding of LAN and WAN, though the comparison regarding speed and setup was incorrect. Question 5 provided a basic definition of the OSI model but lacked detail. Question 4 on routers was largely incorrect, indicating a significant misunderstanding of the device\'s function and operation.\", \"per_question\": [{\"question_number\": 1, \"score\": 5, \"max_question_score\": 5, \"comment\": \"The student provided a comprehensive and accurate definition of a computer network, including its purpose, shared resources, communication methods, and benefits, aligning perfectly with the answer key.\"}, {\"question_number\": 2, \"score\": 5, \"max_question_score\": 5, \"comment\": \"The student\'s answer is highly accurate and detailed, covering the definition, purpose, different versions (IPv4 and IPv6 with bit lengths and formats), and types (static/dynamic) of an IP address. Minor spelling errors do not detract from the technical correctness.\"}, {\"question_number\": 3, \"score\": 4, \"max_question_score\": 5, \"comment\": \"The student correctly defined LAN and WAN based on geographical coverage and accurately described key characteristics for both (e.g., LAN\'s small area, high speed, low latency, private management; WAN\'s large area, connection of multiple LANs, and the Internet as an example). However, the comparison regarding WANs having \'faster speeds than LANs\' and being \'easier to set up and maintain\' is factually incorrect, leading to a deduction.\"}, {\"question_number\": 4, \"score\": 2, \"max_question_score\": 5, \"comment\": \"The student attempted the question, but the answer provided is largely incorrect. The description of a router\'s function, its operating layer in the OSI model, and its primary purpose deviates significantly from the correct definition.\"}, {\"question_number\": 5, \"score\": 3.5, \"max_question_score\": 5, \"comment\": \"The student provided a basic understanding of the OSI model as a networking model with several layers that facilitate communication. However, the answer lacks crucial details such as it being a \'conceptual framework,\' its role in \'standardizing functions,\' the specific number of layers (seven), and listing the individual layers or their distinct roles.\"}]}', '2026-03-16 04:59:52', 'Arjun Kumar');
INSERT INTO `theory_results` (`id`, `exam_id`, `student_roll`, `total_score`, `max_score`, `percent`, `overall_comment`, `result_json`, `created_at`, `full_name`) VALUES
(35, 30, 'CS005', 17, 25, 68, 'The student demonstrated a strong understanding of computer networks and IP addresses. The explanation of LAN and WAN had some inaccuracies, and there were significant misconceptions regarding the function of a router and a lack of detailed knowledge about the OSI model. Focus on clarifying the roles of networking devices and the structure of network models.', '{\"total_score\": 17, \"max_score\": 25, \"percent\": 68, \"overall_comment\": \"The student demonstrated a strong understanding of computer networks and IP addresses. The explanation of LAN and WAN had some inaccuracies, and there were significant misconceptions regarding the function of a router and a lack of detailed knowledge about the OSI model. Focus on clarifying the roles of networking devices and the structure of network models.\", \"per_question\": [{\"question\": \"What is a computer network?\", \"key_answer\": \"A computer network is a collection of interconnected computers, servers, and other devices that communicate with each other through communication channels such as cables, fiber optics, or wireless signals. The main purpose of a network is to enable sharing of resources and information. Networks allow users to share files, printers, applications, and internet connections efficiently. They also support communication methods like email, video conferencing, and messaging. Computer networks improve productivity, reduce operational costs, provide centralized control of data, and allow remote access to information, making them essential in modern organizations, education, and daily life.\", \"student_answer\": \"A Computer Network is a Collection of interconnected Computers, servers and other devices that communicate with each other through Communication channels such as cables, fiber optics or wirless Signals. The main purpose of a netwok is to enable sharing of resources and information. Networks allow users to share files, printers, applications, and internet connections efficiently. They also support Communication methods Like email, video conferencing, and messaging. Computer networks improve productivity, reduce operational costs, provides antralized Control of data and alloco remote access to information, making them essential in modern organizations, education, and darly Life.\", \"marks\": 5, \"max_marks\": 5, \"comment\": \"Excellent answer, comprehensive and accurate, covering all key aspects of a computer network\'s definition, purpose, and benefits.\"}, {\"question\": \"What is an IP address?\", \"key_answer\": \"An IP address (Internet Protocol address) is a unique numerical identifier assigned to every device connected to a computer network that uses the Internet Protocol for communication. It helps identify the source and destination of data packets so that information can be delivered correctly. There are two main versions: IPv4, which is a 32-bit address written in decimal format (e.g., 192.168.1.1), and IPv6, which is a 128-bit address written in hexadecimal format to support a larger number of devices. IP addresses can be static (manually assigned and fixed) or dynamic (automatically assigned by a DHCP server). They are essential for communication between devices over networks and the internet.\", \"student_answer\": \"An IP address is a unique numerical identifier assigned to every device connected to a computer network that uses the Internet protocol for Communication. It helps identity the source and destination of data packets So that information can be delivered Correctly. There are two main version; IPv4, which is a 32-bit address written in decimal format. eg: 192.168.11. and 1PV6. which is a 128-bit address written in hexadecimal format to support a larger number of device. IP addres Can be static (manually assigned and fired) or dynamic (automatically) assined by OHCP server). They are essential for communicate between devices over network and the Internet.\", \"marks\": 5, \"max_marks\": 5, \"comment\": \"A very thorough and accurate definition of an IP address, including its purpose, versions (IPv4 and IPv6), and types (static/dynamic). Minor spelling errors do not detract from the technical accuracy.\"}, {\"question\": \"What is the difference between LAN and WAN?\", \"key_answer\": \"LAN (Local Area Network) and WAN (Wide Area Network) are types of computer networks classified based on geographic coverage. A LAN covers a small area such as a home, school, or office building. It usually offers high data transfer speeds, low latency, and is privately managed. Examples include school computer labs and office networks. In contrast, a WAN covers a large geographic area such as cities, countries, or continents. WANS connect multiple LANs together and often rely on public communication infrastructure like telephone lines or satellites. The Internet is the largest example of a WAN. Compared to LANS, WANs typically have lower speeds, higher latency, and higher setup costs.\", \"student_answer\": \"LAN (Local Area Network) and WAN (wide Area Network) are Categories of Gmputer networks based on their geographical Converage. A LAN typtcally Covers a small area such as a home, office or school and usually provides high data transfer Speeds and Loco latency because it is locally managed It is often owned and maintained by a single organization. In contrast, a WAN spans larger areas such as Cities or countries and connects multiple smaller networks together. However, WANs generally offer faster speeds than LANs because they use advanced transmission technologies and are easier to set up and maintain The Internet is considered a WAN, and cunlike LANS, WANs do not reply on Services providers for Connectivity.\", \"marks\": 3, \"max_marks\": 5, \"comment\": \"The answer correctly defines LAN and WAN and accurately describes LAN characteristics. However, it incorrectly states that WANs generally offer faster speeds than LANs and misrepresents their reliance on service providers. Review the typical characteristics and differences in speed and infrastructure for WANs.\"}, {\"question\": \"What is a router?\", \"key_answer\": \"A router is a networking device that connects two or more networks and forwards data packets between them based on their IP addresses. It acts as a traffic controller, determining the best path for data to travel from source to destination. Routers operate mainly at the Network layer of the OSI model and use routing tables and protocols to make forwarding decisions. They are commonly used to connect a local network to the internet, allowing multiple devices to share a single internet connection. Modern routers often include additional features such as firewall protection, wireless access, network address translation (NAT), and bandwidth management to improve network performance and security.\", \"student_answer\": \"A router is a hardware device mainly used to store files and run software applications for users on a network. It is primarty function is to increase the physical speed of internet cables and generate Wifi-signals directly from satellites without needing any network Connection - Routers operate at the Application Layer of the Ost model and do not handle dates packets or addresses. They are typically used to replace computers in a network and eliminate the need for Ip address. Modern roucters are designed mainly for printing documents and charging other electronic devices rather than managing network traffic.\", \"marks\": 2, \"max_marks\": 5, \"comment\": \"The answer provides an incorrect description of a router\'s primary function, its operating layer in the OSI model (it operates at the Network Layer, not Application Layer), and its role in handling data packets and IP addresses. The description of its purpose is largely inaccurate. Please review the core functions of a router in network communication.\"}, {\"question\": \"What is the OSI model?\", \"key_answer\": \"The OSI (Open Systems Interconnection) model is a conceptual framework developed to standardize the functions of a communication system into seven distinct layers. It helps in understanding, designing, and troubleshooting network communication. The seven layers are: Physical, Data Link, Network, Transport, Session, Presentation, and Application. Each layer performs a specific role, such as transmitting raw bits, handling error detection, routing data, ensuring reliable delivery, managing sessions, formatting data, and providing services to applications. By dividing network communication into layers, the OSI model simplifies network design, ensures interoperability between different systems, and makes it easier to identify and fix network issues.\", \"student_answer\": \"The OS1 model is a networking model that explains how communication happens between devices. It has Several Layers that help daba travel from one System to another and is used to under stand network functions.\", \"marks\": 2, \"max_marks\": 5, \"comment\": \"The answer correctly identifies the OSI model as a networking model that explains communication and involves layers. However, it lacks significant detail regarding its full name (Open Systems Interconnection), the specific number of layers (seven), listing the layers, or explaining the specific functions and benefits of the layered approach. Review the detailed structure and purpose of the OSI model.\"}]}', '2026-03-16 18:47:35', 'Vishnu Prasad'),
(36, 31, 'STUDENR_SHEETS', 0, 0, 0, 'Below average performance. The student needs to work on understanding fundamental concepts and presenting answers more clearly.', '{\"total_score\": 0, \"max_score\": 0, \"percent\": 0, \"overall_comment\": \"Below average performance. The student needs to work on understanding fundamental concepts and presenting answers more clearly.\", \"per_question\": []}', '2026-03-17 09:42:25', 'Unknown'),
(37, 31, 'CS008', 0, 0, 0, 'Below average performance. The student needs to work on understanding fundamental concepts and presenting answers more clearly.', '{\"total_score\": 0, \"max_score\": 0, \"percent\": 0, \"overall_comment\": \"Below average performance. The student needs to work on understanding fundamental concepts and presenting answers more clearly.\", \"per_question\": []}', '2026-03-17 09:44:59', 'Suri Surendra'),
(38, 1, 'CS016', 15.5, 25, 62, 'The student demonstrates a good understanding of fundamental networking concepts like computer networks and IP addresses. However, there are significant misconceptions regarding routers and some inaccuracies in the comparison of LANs and WANs. The explanation of the OSI model is correct but lacks depth.', '{\"total_score\": 15.5, \"max_score\": 25.0, \"percent\": 62.0, \"overall_comment\": \"The student demonstrates a good understanding of fundamental networking concepts like computer networks and IP addresses. However, there are significant misconceptions regarding routers and some inaccuracies in the comparison of LANs and WANs. The explanation of the OSI model is correct but lacks depth.\", \"adjudication_needed\": true, \"adjudication_reasons\": [\"No answer key was provided. Grading was performed based on general knowledge of computer networking concepts. Specific feedback for each question highlights areas of correctness and inaccuracy.\"], \"per_question\": [{\"q_no\": 1, \"max_marks\": 5.0, \"marks_awarded\": 5.0, \"brief_feedback\": \"Excellent and comprehensive definition of a computer network, covering its purpose, components, communication channels, and benefits.\", \"confidence\": 0.8}, {\"q_no\": 2, \"max_marks\": 5.0, \"marks_awarded\": 5.0, \"brief_feedback\": \"Very detailed and accurate explanation of IP addresses, including their purpose, different versions (IPv4 and IPv6) with their characteristics, and assignment methods (static/dynamic via DHCP). Minor typo \'OHCP\' instead of \'DHCP\'.\", \"confidence\": 0.8}, {\"q_no\": 3, \"max_marks\": 5.0, \"marks_awarded\": 3.0, \"brief_feedback\": \"Good comparison of LAN and WAN coverage and management. However, the statement that WANs generally offer faster speeds than LANs and are easier to set up and maintain is incorrect. LANs typically have higher speeds and lower latency, and WANs are generally more complex to set up and manage.\", \"confidence\": 0.7}, {\"q_no\": 4, \"max_marks\": 5.0, \"marks_awarded\": 0.0, \"brief_feedback\": \"This answer contains multiple fundamental inaccuracies regarding the function, operation, and purpose of a router. Routers primarily forward data packets between different networks using IP addresses, operate at the network layer (Layer 3) of the OSI model, and do not store files, run applications, or replace computers.\", \"confidence\": 0.9}, {\"q_no\": 5, \"max_marks\": 5.0, \"marks_awarded\": 2.5, \"brief_feedback\": \"A correct but very brief definition of the OSI model. It accurately states its purpose and layered structure but lacks detail regarding the number of layers or their specific functions.\", \"confidence\": 0.7}]}', '2026-03-23 05:15:13', 'Rohit Sharma'),
(40, 36, 'CS016', 15, 25, 60, 'The student demonstrated a strong understanding of computer networks and IP addresses. However, there were significant misconceptions regarding the differences between LAN and WAN, the function of a router, and the detailed purpose and structure of the OSI model.', '{\"total_score\": 15, \"max_score\": 25, \"percent\": 60.0, \"overall_comment\": \"The student demonstrated a strong understanding of computer networks and IP addresses. However, there were significant misconceptions regarding the differences between LAN and WAN, the function of a router, and the detailed purpose and structure of the OSI model.\", \"adjudication_needed\": false, \"adjudication_reasons\": [], \"per_question\": [{\"q_no\": 1, \"max_marks\": 5, \"marks_awarded\": 5, \"brief_feedback\": \"Excellent answer, comprehensive and accurate, covering all key aspects of a computer network.\", \"confidence\": 1.0}, {\"q_no\": 2, \"max_marks\": 5, \"marks_awarded\": 5, \"brief_feedback\": \"Very good answer. The definition, purpose, versions (IPv4/IPv6 with details), and types (static/dynamic) are all correctly explained. Minor typo \'OHCP\' instead of \'DHCP\' is negligible.\", \"confidence\": 1.0}, {\"q_no\": 3, \"max_marks\": 5, \"marks_awarded\": 3, \"brief_feedback\": \"Partial credit awarded. The student correctly defined LAN and WAN based on geographical coverage and provided accurate characteristics for LANs (small area, high speed, low latency, local management). However, the comparison for WANs regarding speed (\'faster speeds than LANs\'), ease of setup/maintenance, and reliance on service providers was incorrect.\", \"confidence\": 0.9}, {\"q_no\": 4, \"max_marks\": 5, \"marks_awarded\": 0, \"brief_feedback\": \"The answer provided for a router is almost entirely incorrect. It misidentifies its primary function, operating layer, and core capabilities. Routers do not store files, operate at the Application Layer, or replace computers.\", \"confidence\": 1.0}, {\"q_no\": 5, \"max_marks\": 5, \"marks_awarded\": 2, \"brief_feedback\": \"Partial credit awarded. The student correctly identified the OSI model as a networking model with layers that explain communication and help understand network functions. However, it lacked crucial details such as being a conceptual framework, having seven distinct layers, listing the layers, or explaining their specific roles and benefits like interoperability.\", \"confidence\": 0.9}]}', '2026-03-24 08:20:29', 'Rohit Sharma'),
(41, 37, 'CS016', 15, 25, 60, 'The student demonstrates a good understanding of basic networking concepts like computer networks and IP addresses. However, there are significant misconceptions regarding routers and some factual errors in the comparison of LAN and WAN. The explanation of the OSI model is too brief and lacks detail.', '{\"total_score\": 15, \"max_score\": 25, \"percent\": 60, \"overall_comment\": \"The student demonstrates a good understanding of basic networking concepts like computer networks and IP addresses. However, there are significant misconceptions regarding routers and some factual errors in the comparison of LAN and WAN. The explanation of the OSI model is too brief and lacks detail.\", \"adjudication_needed\": false, \"adjudication_reasons\": [], \"per_question\": [{\"q_no\": 1, \"max_marks\": 5, \"marks_awarded\": 5, \"brief_feedback\": \"Excellent and comprehensive definition of a computer network, covering its purpose, components, communication methods, and benefits.\", \"confidence\": 1.0}, {\"q_no\": 2, \"max_marks\": 5, \"marks_awarded\": 5, \"brief_feedback\": \"Very good explanation of an IP address, including its purpose, versions (IPv4, IPv6 with examples), and types (static/dynamic). Minor typo \'OHCP\' for DHCP is negligible.\", \"confidence\": 0.95}, {\"q_no\": 3, \"max_marks\": 5, \"marks_awarded\": 3, \"brief_feedback\": \"Correctly identifies LAN and WAN based on geographical coverage and provides accurate characteristics for LANs. However, incorrectly states that WANs offer \'faster speeds than LANs\' and are \'easier to set up and maintain\', which are significant factual errors. The statement about WANs not relying on service providers is also incorrect.\", \"confidence\": 0.8}, {\"q_no\": 4, \"max_marks\": 5, \"marks_awarded\": 0, \"brief_feedback\": \"The answer demonstrates a fundamental misunderstanding of what a router is and its functions. Almost all statements provided are incorrect, from its purpose (storing files, printing) to its operation (Application Layer, not handling packets/addresses).\", \"confidence\": 1.0}, {\"q_no\": 5, \"max_marks\": 5, \"marks_awarded\": 2, \"brief_feedback\": \"Provides a basic, high-level definition of the OSI model as a networking model with layers for communication. However, it lacks crucial details such as it being a conceptual framework, its purpose for standardization, the specific number of layers, and listing them, or the benefits like interoperability and troubleshooting.\", \"confidence\": 0.7}]}', '2026-03-24 09:10:07', 'Rohit Sharma'),
(42, 37, 'INTERNSHIP_EXAM_24-03-2026_TO_28-03-2026_OVER_ALL_', 0, 25, 0, 'No answers were found on the provided document. The uploaded document appears to be a schedule or roster, not an answer sheet for the given questions. Please ensure the correct student answer sheet is uploaded for evaluation.', '{\"total_score\": 0, \"max_score\": 25, \"percent\": 0.0, \"overall_comment\": \"No answers were found on the provided document. The uploaded document appears to be a schedule or roster, not an answer sheet for the given questions. Please ensure the correct student answer sheet is uploaded for evaluation.\", \"adjudication_needed\": true, \"adjudication_reasons\": \"No student answers were found on the provided document for any of the questions. The OCR did not detect any relevant text corresponding to the exam questions.\", \"per_question\": [{\"q_no\": 1, \"max_marks\": 5, \"marks_awarded\": 0, \"brief_feedback\": \"No answer provided.\", \"confidence\": 0.0, \"adjudication_needed\": true}, {\"q_no\": 2, \"max_marks\": 5, \"marks_awarded\": 0, \"brief_feedback\": \"No answer provided.\", \"confidence\": 0.0, \"adjudication_needed\": true}, {\"q_no\": 3, \"max_marks\": 5, \"marks_awarded\": 0, \"brief_feedback\": \"No answer provided.\", \"confidence\": 0.0, \"adjudication_needed\": true}, {\"q_no\": 4, \"max_marks\": 5, \"marks_awarded\": 0, \"brief_feedback\": \"No answer provided.\", \"confidence\": 0.0, \"adjudication_needed\": true}, {\"q_no\": 5, \"max_marks\": 5, \"marks_awarded\": 0, \"brief_feedback\": \"No answer provided.\", \"confidence\": 0.0, \"adjudication_needed\": true}]}', '2026-03-24 09:13:20', 'Unknown'),
(43, 39, 'CS007', 20, 25, 80, 'The student provided detailed and accurate answers, though some minor errors were noted. The answers were well-structured and showed a good understanding of the topics.', '{\"total_score\": 20, \"max_score\": 25, \"percent\": 80.0, \"grade\": \"B\", \"overall_comment\": \"The student provided detailed and accurate answers, though some minor errors were noted. The answers were well-structured and showed a good understanding of the topics.\", \"adjudication_needed\": false, \"adjudication_reasons\": [], \"per_question\": [{\"q_no\": \"1\", \"max_marks\": 5, \"marks_awarded\": 5, \"student_answer_summary\": \"The student correctly described a computer network as a collection of interconnected devices for resource sharing and communication.\", \"expected_answer_summary\": \"A computer network is a collection of interconnected devices for resource sharing and communication.\", \"brief_feedback\": \"Correct and comprehensive answer.\", \"confidence\": 1.0}, {\"q_no\": \"2\", \"max_marks\": 5, \"marks_awarded\": 5, \"student_answer_summary\": \"The student correctly described an IP address as a unique identifier for devices on a network.\", \"expected_answer_summary\": \"An IP address is a unique identifier for devices on a network.\", \"brief_feedback\": \"Correct and comprehensive answer.\", \"confidence\": 1.0}, {\"q_no\": \"3\", \"max_marks\": 5, \"marks_awarded\": 4, \"student_answer_summary\": \"The student correctly described the difference between LAN and WAN, but the explanation was slightly off.\", \"expected_answer_summary\": \"LAN covers a small area and is locally managed, while WAN covers larger areas and connects multiple smaller networks.\", \"brief_feedback\": \"Good understanding, but some minor errors.\", \"confidence\": 0.9}, {\"q_no\": \"4\", \"max_marks\": 5, \"marks_awarded\": 2, \"student_answer_summary\": \"The student incorrectly described a router as a device for storing files and running applications.\", \"expected_answer_summary\": \"A router is a device used to connect devices to a network and manage network traffic.\", \"brief_feedback\": \"Incorrect description, needs clarification.\", \"confidence\": 0.5}, {\"q_no\": \"5\", \"max_marks\": 5, \"marks_awarded\": 3, \"student_answer_summary\": \"The student partially described the OSI model but did not complete the explanation.\", \"expected_answer_summary\": \"The OSI model explains communication between devices in layers.\", \"brief_feedback\": \"Partial understanding, needs more details.\", \"confidence\": 0.7}]}', '2026-03-27 17:00:14', 'Suri Surendra'),
(44, 41, 'CS007', 20, 25, 80, 'The student provided detailed and accurate answers, though some minor errors were noted. The answers were well-structured and showed a good understanding of the topics.', '{\"total_score\": 20, \"max_score\": 25, \"percent\": 80.0, \"grade\": \"B\", \"overall_comment\": \"The student provided detailed and accurate answers, though some minor errors were noted. The answers were well-structured and showed a good understanding of the topics.\", \"adjudication_needed\": false, \"adjudication_reasons\": [], \"per_question\": [{\"q_no\": \"1\", \"max_marks\": 5, \"marks_awarded\": 5, \"student_answer_summary\": \"The student correctly described a computer network as a collection of interconnected devices for resource sharing and communication.\", \"expected_answer_summary\": \"A computer network is a collection of interconnected devices for resource sharing and communication.\", \"brief_feedback\": \"Correct and comprehensive answer.\", \"confidence\": 1.0}, {\"q_no\": \"2\", \"max_marks\": 5, \"marks_awarded\": 5, \"student_answer_summary\": \"The student correctly described an IP address as a unique identifier for devices on a network.\", \"expected_answer_summary\": \"An IP address is a unique identifier for devices on a network.\", \"brief_feedback\": \"Correct and comprehensive answer.\", \"confidence\": 1.0}, {\"q_no\": \"3\", \"max_marks\": 5, \"marks_awarded\": 4, \"student_answer_summary\": \"The student correctly described the difference between LAN and WAN, but the explanation was slightly off.\", \"expected_answer_summary\": \"LAN covers a small area and is locally managed, while WAN covers larger areas and connects multiple smaller networks.\", \"brief_feedback\": \"Good understanding, but some minor errors.\", \"confidence\": 0.9}, {\"q_no\": \"4\", \"max_marks\": 5, \"marks_awarded\": 2, \"student_answer_summary\": \"The student incorrectly described a router as a device for storing files and running applications.\", \"expected_answer_summary\": \"A router is a device used to connect devices to a network and manage network traffic.\", \"brief_feedback\": \"Incorrect description, needs clarification.\", \"confidence\": 0.5}, {\"q_no\": \"5\", \"max_marks\": 5, \"marks_awarded\": 3, \"student_answer_summary\": \"The student partially described the OSI model but did not complete the explanation.\", \"expected_answer_summary\": \"The OSI model explains communication between devices in layers.\", \"brief_feedback\": \"Partial understanding, needs more details.\", \"confidence\": 0.7}]}', '2026-03-27 19:29:28', 'Suri Surendra'),
(45, 45, 'CS007', 20, 25, 80, 'The student provided detailed and accurate answers, though some minor errors were noted. The answers were well-structured and showed a good understanding of the topics.', '{\"total_score\": 20, \"max_score\": 25, \"percent\": 80.0, \"grade\": \"B\", \"overall_comment\": \"The student provided detailed and accurate answers, though some minor errors were noted. The answers were well-structured and showed a good understanding of the topics.\", \"adjudication_needed\": false, \"adjudication_reasons\": [], \"per_question\": [{\"q_no\": \"1\", \"max_marks\": 5, \"marks_awarded\": 5, \"student_answer_summary\": \"The student correctly described a computer network as a collection of interconnected devices for resource sharing and communication.\", \"expected_answer_summary\": \"A computer network is a collection of interconnected devices for resource sharing and communication.\", \"brief_feedback\": \"Correct and comprehensive answer.\", \"confidence\": 1.0}, {\"q_no\": \"2\", \"max_marks\": 5, \"marks_awarded\": 5, \"student_answer_summary\": \"The student correctly described an IP address as a unique identifier for devices on a network.\", \"expected_answer_summary\": \"An IP address is a unique identifier for devices on a network.\", \"brief_feedback\": \"Correct and comprehensive answer.\", \"confidence\": 1.0}, {\"q_no\": \"3\", \"max_marks\": 5, \"marks_awarded\": 4, \"student_answer_summary\": \"The student correctly described the difference between LAN and WAN, but the explanation was slightly off.\", \"expected_answer_summary\": \"LAN covers a small area and is locally managed, while WAN covers larger areas and connects multiple smaller networks.\", \"brief_feedback\": \"Good understanding, but some minor errors.\", \"confidence\": 0.9}, {\"q_no\": \"4\", \"max_marks\": 5, \"marks_awarded\": 2, \"student_answer_summary\": \"The student incorrectly described a router as a device for storing files and running applications.\", \"expected_answer_summary\": \"A router is a device used to connect devices to a network and manage network traffic.\", \"brief_feedback\": \"Incorrect description, needs clarification.\", \"confidence\": 0.5}, {\"q_no\": \"5\", \"max_marks\": 5, \"marks_awarded\": 3, \"student_answer_summary\": \"The student partially described the OSI model but did not complete the explanation.\", \"expected_answer_summary\": \"The OSI model explains communication between devices in layers.\", \"brief_feedback\": \"Partial understanding, needs more details.\", \"confidence\": 0.7}]}', '2026-03-30 04:15:18', 'Suri Surendra'),
(47, 46, 'CS007', 0, 25, 0, 'The student provided some relevant information but the answers were not directly aligned with the question prompts. The answers were mostly about computer networks and related topics, which are not directly related to the questions asked.', '{\"total_score\": 0, \"max_score\": 25, \"percent\": 0.0, \"grade\": \"C\", \"overall_comment\": \"The student provided some relevant information but the answers were not directly aligned with the question prompts. The answers were mostly about computer networks and related topics, which are not directly related to the questions asked.\", \"adjudication_needed\": false, \"adjudication_reasons\": [], \"per_question\": [{\"q_no\": \"1\", \"max_marks\": 5, \"marks_awarded\": 0, \"student_answer_summary\": \"Explains computer networks but not cyber security.\", \"expected_answer_summary\": \"Definition of cyber security.\", \"brief_feedback\": \"Answer does not match the question.\", \"confidence\": 0.0}, {\"q_no\": \"2\", \"max_marks\": 5, \"marks_awarded\": 0, \"student_answer_summary\": \"Explains computer networks and IP addresses.\", \"expected_answer_summary\": \"Types of cyber attacks.\", \"brief_feedback\": \"Answer does not match the question.\", \"confidence\": 0.0}, {\"q_no\": \"3\", \"max_marks\": 5, \"marks_awarded\": 0, \"student_answer_summary\": \"Explains computer networks and LAN/WAN.\", \"expected_answer_summary\": \"Definition of encryption.\", \"brief_feedback\": \"Answer does not match the question.\", \"confidence\": 0.0}, {\"q_no\": \"4\", \"max_marks\": 5, \"marks_awarded\": 0, \"student_answer_summary\": \"Explains computer networks and routers.\", \"expected_answer_summary\": \"Definition of a firewall.\", \"brief_feedback\": \"Answer does not match the question.\", \"confidence\": 0.0}, {\"q_no\": \"5\", \"max_marks\": 5, \"marks_awarded\": 0, \"student_answer_summary\": \"Explains computer networks and OSI model.\", \"expected_answer_summary\": \"Definition of the CIA Triad.\", \"brief_feedback\": \"Answer does not match the question.\", \"confidence\": 0.0}]}', '2026-03-30 05:15:55', 'Suri Surendra');

-- --------------------------------------------------------

--
-- Table structure for table `users`
--

CREATE TABLE `users` (
  `id` int(11) NOT NULL,
  `full_name` varchar(100) NOT NULL,
  `email` varchar(120) NOT NULL,
  `password` varchar(200) NOT NULL,
  `role` varchar(20) NOT NULL,
  `department_id` int(11) DEFAULT NULL,
  `is_first_login` tinyint(1) DEFAULT NULL,
  `is_active` tinyint(1) DEFAULT NULL,
  `created_at` datetime DEFAULT NULL
) ENGINE=InnoDB DEFAULT CHARSET=utf8mb4 COLLATE=utf8mb4_general_ci;

--
-- Dumping data for table `users`
--

INSERT INTO `users` (`id`, `full_name`, `email`, `password`, `role`, `department_id`, `is_first_login`, `is_active`, `created_at`) VALUES
(1, 'Super Admin', 'admin@university.com', '$2b$12$GPqY1bx7/RHB3WnWOkJ7aOlBiIAWJDNlBdOKqoWqr0lVj3Rau0K4y', 'admin', 1, 0, 1, '2026-03-03 20:06:24'),
(2, 'Dr Ravi Kumar', 'dr.ravi.kumar@university.com', '$2b$12$Fk7aoLUCUPkc9yY1ZOv5buF7hj7TKU6e.1UZwnRjQYBF/rzvXM/gO', 'faculty', 1, 1, 1, '2026-03-03 20:18:56'),
(3, 'Dr Anil Sharma', 'dr.anil.sharma@university.com', '$2b$12$Fk7aoLUCUPkc9yY1ZOv5buF7hj7TKU6e.1UZwnRjQYBF/rzvXM/gO', 'faculty', 1, 1, 1, '2026-03-03 20:18:56'),
(4, 'Dr Meena Iyer', 'dr.meena.iyer@university.com', '$2b$12$Fk7aoLUCUPkc9yY1ZOv5buF7hj7TKU6e.1UZwnRjQYBF/rzvXM/gO', 'faculty', 1, 1, 1, '2026-03-03 20:18:56'),
(5, 'Dr Prakash Reddy', 'dr.prakash.reddy@university.com', '$2b$12$ReeFA705t76uyauDmpvh3.Xe6SDV92UPr0gEFUtKxjWL0rXyttJeO', 'faculty', 1, 0, 1, '2026-03-03 20:18:56'),
(6, 'Dr Suresh Babu', 'dr.suresh.babu@university.com', '$2b$12$Fk7aoLUCUPkc9yY1ZOv5buF7hj7TKU6e.1UZwnRjQYBF/rzvXM/gO', 'faculty', 1, 1, 1, '2026-03-03 20:18:56'),
(7, 'Dr Kavitha Rao', 'dr.kavitha.rao@university.com', '$2b$12$Fk7aoLUCUPkc9yY1ZOv5buF7hj7TKU6e.1UZwnRjQYBF/rzvXM/gO', 'faculty', 1, 1, 1, '2026-03-03 20:18:56'),
(8, 'Dr Harish Kumar', 'dr.harish.kumar@university.com', '$2b$12$Fk7aoLUCUPkc9yY1ZOv5buF7hj7TKU6e.1UZwnRjQYBF/rzvXM/gO', 'faculty', 1, 1, 1, '2026-03-03 20:18:56'),
(9, 'Dr Divya Lakshmi', 'dr.divya.lakshmi@university.com', '$2b$12$Fk7aoLUCUPkc9yY1ZOv5buF7hj7TKU6e.1UZwnRjQYBF/rzvXM/gO', 'faculty', 1, 1, 1, '2026-03-03 20:18:56'),
(10, 'Dr Manoj Varma', 'dr.manoj.varma@university.com', '$2b$12$Fk7aoLUCUPkc9yY1ZOv5buF7hj7TKU6e.1UZwnRjQYBF/rzvXM/gO', 'faculty', 1, 1, 1, '2026-03-03 20:18:56'),
(11, 'Dr Sneha Reddy', 'dr.sneha.reddy@university.com', '$2b$12$Fk7aoLUCUPkc9yY1ZOv5buF7hj7TKU6e.1UZwnRjQYBF/rzvXM/gO', 'faculty', 1, 1, 1, '2026-03-03 20:18:56'),
(12, 'Dr Gopal Krishna', 'dr.gopal.krishna@university.com', '$2b$12$Fk7aoLUCUPkc9yY1ZOv5buF7hj7TKU6e.1UZwnRjQYBF/rzvXM/gO', 'faculty', 1, 1, 1, '2026-03-03 20:18:56'),
(13, 'Dr Rekha Sharma', 'dr.rekha.sharma@university.com', '$2b$12$Fk7aoLUCUPkc9yY1ZOv5buF7hj7TKU6e.1UZwnRjQYBF/rzvXM/gO', 'faculty', 1, 1, 1, '2026-03-03 20:18:56'),
(14, 'Dr Vinay Kumar', 'dr.vinay.kumar@university.com', '$2b$12$Fk7aoLUCUPkc9yY1ZOv5buF7hj7TKU6e.1UZwnRjQYBF/rzvXM/gO', 'faculty', 1, 1, 1, '2026-03-03 20:18:56'),
(15, 'Dr Sunitha Devi', 'dr.sunitha.devi@university.com', '$2b$12$Fk7aoLUCUPkc9yY1ZOv5buF7hj7TKU6e.1UZwnRjQYBF/rzvXM/gO', 'faculty', 1, 1, 1, '2026-03-03 20:18:56'),
(16, 'Dr Ramesh Naidu', 'dr.ramesh.naidu@university.com', '$2b$12$Fk7aoLUCUPkc9yY1ZOv5buF7hj7TKU6e.1UZwnRjQYBF/rzvXM/gO', 'faculty', 1, 1, 1, '2026-03-03 20:18:56'),
(17, 'Dr Keerthi Prasad', 'dr.keerthi.prasad@university.com', '$2b$12$Fk7aoLUCUPkc9yY1ZOv5buF7hj7TKU6e.1UZwnRjQYBF/rzvXM/gO', 'faculty', 1, 1, 1, '2026-03-03 20:18:56'),
(18, 'Dr Nandini Rao', 'dr.nandini.rao@university.com', '$2b$12$Fk7aoLUCUPkc9yY1ZOv5buF7hj7TKU6e.1UZwnRjQYBF/rzvXM/gO', 'faculty', 1, 1, 1, '2026-03-03 20:18:56'),
(19, 'Dr Arvind Kumar', 'dr.arvind.kumar@university.com', '$2b$12$Fk7aoLUCUPkc9yY1ZOv5buF7hj7TKU6e.1UZwnRjQYBF/rzvXM/gO', 'faculty', 1, 1, 1, '2026-03-03 20:18:56'),
(20, 'Dr Priya Nair', 'dr.priya.nair@university.com', '$2b$12$Fk7aoLUCUPkc9yY1ZOv5buF7hj7TKU6e.1UZwnRjQYBF/rzvXM/gO', 'faculty', 1, 1, 1, '2026-03-03 20:18:56'),
(21, 'Dr Venkatesh Reddy', 'dr.venkatesh.reddy@university.com', '$2b$12$Fk7aoLUCUPkc9yY1ZOv5buF7hj7TKU6e.1UZwnRjQYBF/rzvXM/gO', 'faculty', 1, 1, 1, '2026-03-03 20:18:56'),
(22, 'Arjun Kumar', 'arjun.kumar1@university.com', '$2b$12$GPqY1bx7/RHB3WnWOkJ7aOlBiIAWJDNlBdOKqoWqr0lVj3Rau0K4y', 'student', 1, 1, 1, '2026-03-03 20:21:01'),
(23, 'Arjun Kumar', 'arjun.kumar2@university.com', '$2b$12$qp9l67rRqEpnQjBA2n4SruSpJzqK0WxAF6IRBMU3S9XzCgGl7zsIC', 'student', 1, 1, 1, '2026-03-03 20:21:01'),
(24, 'Arjun Kumar', 'arjun.kumar3@university.com', '$2b$12$qp9l67rRqEpnQjBA2n4SruSpJzqK0WxAF6IRBMU3S9XzCgGl7zsIC', 'student', 1, 1, 1, '2026-03-03 20:21:01'),
(25, 'Vishnu Prasad', 'vishnu.prasad4@university.com', '$2b$12$qp9l67rRqEpnQjBA2n4SruSpJzqK0WxAF6IRBMU3S9XzCgGl7zsIC', 'student', 1, 1, 1, '2026-03-03 20:21:01'),
(26, 'Vishnu Prasad', 'vishnu.prasad5@university.com', '$2b$12$qp9l67rRqEpnQjBA2n4SruSpJzqK0WxAF6IRBMU3S9XzCgGl7zsIC', 'student', 1, 1, 1, '2026-03-03 20:21:01'),
(27, 'Vishnu Prasad', 'vishnu.prasad6@university.com', '$2b$12$qp9l67rRqEpnQjBA2n4SruSpJzqK0WxAF6IRBMU3S9XzCgGl7zsIC', 'student', 1, 1, 1, '2026-03-03 20:21:01'),
(28, 'Suri Surendra', 'suri.surendra7@university.com', '$2b$12$qp9l67rRqEpnQjBA2n4SruSpJzqK0WxAF6IRBMU3S9XzCgGl7zsIC', 'student', 1, 1, 1, '2026-03-03 20:21:01'),
(29, 'Suri Surendra', 'suri.surendra8@university.com', '$2b$12$qp9l67rRqEpnQjBA2n4SruSpJzqK0WxAF6IRBMU3S9XzCgGl7zsIC', 'student', 1, 1, 1, '2026-03-03 20:21:01'),
(30, 'Suri Surendra', 'suri.surendra9@university.com', '$2b$12$qp9l67rRqEpnQjBA2n4SruSpJzqK0WxAF6IRBMU3S9XzCgGl7zsIC', 'student', 1, 1, 1, '2026-03-03 20:21:01'),
(31, 'Karthik Reddy', 'karthik.reddy10@university.com', '$2b$12$qp9l67rRqEpnQjBA2n4SruSpJzqK0WxAF6IRBMU3S9XzCgGl7zsIC', 'student', 1, 1, 1, '2026-03-03 20:21:01'),
(32, 'Karthik Reddy', 'karthik.reddy11@university.com', '$2b$12$qp9l67rRqEpnQjBA2n4SruSpJzqK0WxAF6IRBMU3S9XzCgGl7zsIC', 'student', 1, 1, 1, '2026-03-03 20:21:01'),
(33, 'Karthik Reddy', 'karthik.reddy12@university.com', '$2b$12$qp9l67rRqEpnQjBA2n4SruSpJzqK0WxAF6IRBMU3S9XzCgGl7zsIC', 'student', 1, 1, 1, '2026-03-03 20:21:01'),
(34, 'Sai Teja', 'sai.teja13@university.com', '$2b$12$qp9l67rRqEpnQjBA2n4SruSpJzqK0WxAF6IRBMU3S9XzCgGl7zsIC', 'student', 1, 1, 1, '2026-03-03 20:21:01'),
(35, 'Sai Teja', 'sai.teja14@university.com', '$2b$12$qp9l67rRqEpnQjBA2n4SruSpJzqK0WxAF6IRBMU3S9XzCgGl7zsIC', 'student', 1, 1, 1, '2026-03-03 20:21:01'),
(36, 'Sai Teja', 'sai.teja15@university.com', '$2b$12$qp9l67rRqEpnQjBA2n4SruSpJzqK0WxAF6IRBMU3S9XzCgGl7zsIC', 'student', 1, 1, 1, '2026-03-03 20:21:01'),
(37, 'Rohit Sharma', 'rohit.sharma16@university.com', '$2b$12$qp9l67rRqEpnQjBA2n4SruSpJzqK0WxAF6IRBMU3S9XzCgGl7zsIC', 'student', 1, 1, 1, '2026-03-03 20:21:01'),
(38, 'Rohit Sharma', 'rohit.sharma17@university.com', '$2b$12$qp9l67rRqEpnQjBA2n4SruSpJzqK0WxAF6IRBMU3S9XzCgGl7zsIC', 'student', 1, 1, 1, '2026-03-03 20:21:01'),
(39, 'Rohit Sharma', 'rohit.sharma18@university.com', '$2b$12$qp9l67rRqEpnQjBA2n4SruSpJzqK0WxAF6IRBMU3S9XzCgGl7zsIC', 'student', 1, 1, 1, '2026-03-03 20:21:01'),
(40, 'Aditya Varma', 'aditya.varma19@university.com', '$2b$12$qp9l67rRqEpnQjBA2n4SruSpJzqK0WxAF6IRBMU3S9XzCgGl7zsIC', 'student', 1, 1, 1, '2026-03-03 20:21:01'),
(41, 'Aditya Varma', 'aditya.varma20@university.com', '$2b$12$qp9l67rRqEpnQjBA2n4SruSpJzqK0WxAF6IRBMU3S9XzCgGl7zsIC', 'student', 1, 1, 1, '2026-03-03 20:21:01'),
(42, 'Aditya Varma', 'aditya.varma21@university.com', '$2b$12$qp9l67rRqEpnQjBA2n4SruSpJzqK0WxAF6IRBMU3S9XzCgGl7zsIC', 'student', 1, 1, 1, '2026-03-03 20:21:01'),
(43, 'Pranav Iyer', 'pranav.iyer22@university.com', '$2b$12$qp9l67rRqEpnQjBA2n4SruSpJzqK0WxAF6IRBMU3S9XzCgGl7zsIC', 'student', 1, 1, 1, '2026-03-03 20:21:01'),
(44, 'Pranav Iyer', 'pranav.iyer23@university.com', '$2b$12$qp9l67rRqEpnQjBA2n4SruSpJzqK0WxAF6IRBMU3S9XzCgGl7zsIC', 'student', 1, 1, 1, '2026-03-03 20:21:01'),
(45, 'Pranav Iyer', 'pranav.iyer24@university.com', '$2b$12$qp9l67rRqEpnQjBA2n4SruSpJzqK0WxAF6IRBMU3S9XzCgGl7zsIC', 'student', 1, 1, 1, '2026-03-03 20:21:01'),
(46, 'Harsha Vardhan', 'harsha.vardhan25@university.com', '$2b$12$qp9l67rRqEpnQjBA2n4SruSpJzqK0WxAF6IRBMU3S9XzCgGl7zsIC', 'student', 1, 1, 1, '2026-03-03 20:21:01'),
(47, 'Harsha Vardhan', 'harsha.vardhan26@university.com', '$2b$12$qp9l67rRqEpnQjBA2n4SruSpJzqK0WxAF6IRBMU3S9XzCgGl7zsIC', 'student', 1, 1, 1, '2026-03-03 20:21:01'),
(48, 'Harsha Vardhan', 'harsha.vardhan27@university.com', '$2b$12$qp9l67rRqEpnQjBA2n4SruSpJzqK0WxAF6IRBMU3S9XzCgGl7zsIC', 'student', 1, 1, 1, '2026-03-03 20:21:01'),
(49, 'Lokesh Babu', 'lokesh.babu28@university.com', '$2b$12$qp9l67rRqEpnQjBA2n4SruSpJzqK0WxAF6IRBMU3S9XzCgGl7zsIC', 'student', 1, 1, 1, '2026-03-03 20:21:01'),
(50, 'Lokesh Babu', 'lokesh.babu29@university.com', '$2b$12$qp9l67rRqEpnQjBA2n4SruSpJzqK0WxAF6IRBMU3S9XzCgGl7zsIC', 'student', 1, 1, 1, '2026-03-03 20:21:01'),
(51, 'Lokesh Babu', 'lokesh.babu30@university.com', '$2b$12$qp9l67rRqEpnQjBA2n4SruSpJzqK0WxAF6IRBMU3S9XzCgGl7zsIC', 'student', 1, 1, 1, '2026-03-03 20:21:01'),
(52, 'Naveen Kumar', 'naveen.kumar31@university.com', '$2b$12$qp9l67rRqEpnQjBA2n4SruSpJzqK0WxAF6IRBMU3S9XzCgGl7zsIC', 'student', 1, 1, 1, '2026-03-03 20:21:01'),
(53, 'Naveen Kumar', 'naveen.kumar32@university.com', '$2b$12$qp9l67rRqEpnQjBA2n4SruSpJzqK0WxAF6IRBMU3S9XzCgGl7zsIC', 'student', 1, 1, 1, '2026-03-03 20:21:01'),
(54, 'Naveen Kumar', 'naveen.kumar33@university.com', '$2b$12$qp9l67rRqEpnQjBA2n4SruSpJzqK0WxAF6IRBMU3S9XzCgGl7zsIC', 'student', 1, 1, 1, '2026-03-03 20:21:01'),
(55, 'Rahul Krishna', 'rahul.krishna34@university.com', '$2b$12$qp9l67rRqEpnQjBA2n4SruSpJzqK0WxAF6IRBMU3S9XzCgGl7zsIC', 'student', 1, 1, 1, '2026-03-03 20:21:01'),
(56, 'Rahul Krishna', 'rahul.krishna35@university.com', '$2b$12$qp9l67rRqEpnQjBA2n4SruSpJzqK0WxAF6IRBMU3S9XzCgGl7zsIC', 'student', 1, 1, 1, '2026-03-03 20:21:01'),
(57, 'Rahul Krishna', 'rahul.krishna36@university.com', '$2b$12$qp9l67rRqEpnQjBA2n4SruSpJzqK0WxAF6IRBMU3S9XzCgGl7zsIC', 'student', 1, 1, 1, '2026-03-03 20:21:01'),
(58, 'Abhinav Rao', 'abhinav.rao37@university.com', '$2b$12$qp9l67rRqEpnQjBA2n4SruSpJzqK0WxAF6IRBMU3S9XzCgGl7zsIC', 'student', 1, 1, 1, '2026-03-03 20:21:01'),
(59, 'Abhinav Rao', 'abhinav.rao38@university.com', '$2b$12$qp9l67rRqEpnQjBA2n4SruSpJzqK0WxAF6IRBMU3S9XzCgGl7zsIC', 'student', 1, 1, 1, '2026-03-03 20:21:01'),
(60, 'Abhinav Rao', 'abhinav.rao39@university.com', '$2b$12$qp9l67rRqEpnQjBA2n4SruSpJzqK0WxAF6IRBMU3S9XzCgGl7zsIC', 'student', 1, 1, 1, '2026-03-03 20:21:01'),
(61, 'Sandeep Kumar', 'sandeep.kumar40@university.com', '$2b$12$qp9l67rRqEpnQjBA2n4SruSpJzqK0WxAF6IRBMU3S9XzCgGl7zsIC', 'student', 1, 1, 1, '2026-03-03 20:21:01'),
(62, 'Sandeep Kumar', 'sandeep.kumar41@university.com', '$2b$12$qp9l67rRqEpnQjBA2n4SruSpJzqK0WxAF6IRBMU3S9XzCgGl7zsIC', 'student', 1, 1, 1, '2026-03-03 20:21:01'),
(63, 'Sandeep Kumar', 'sandeep.kumar42@university.com', '$2b$12$qp9l67rRqEpnQjBA2n4SruSpJzqK0WxAF6IRBMU3S9XzCgGl7zsIC', 'student', 1, 1, 1, '2026-03-03 20:21:01'),
(64, 'Vignesh R', 'vignesh.r43@university.com', '$2b$12$qp9l67rRqEpnQjBA2n4SruSpJzqK0WxAF6IRBMU3S9XzCgGl7zsIC', 'student', 1, 1, 1, '2026-03-03 20:21:01'),
(65, 'Vignesh R', 'vignesh.r44@university.com', '$2b$12$qp9l67rRqEpnQjBA2n4SruSpJzqK0WxAF6IRBMU3S9XzCgGl7zsIC', 'student', 1, 1, 1, '2026-03-03 20:21:01'),
(66, 'Vignesh R', 'vignesh.r45@university.com', '$2b$12$qp9l67rRqEpnQjBA2n4SruSpJzqK0WxAF6IRBMU3S9XzCgGl7zsIC', 'student', 1, 1, 1, '2026-03-03 20:21:01'),
(67, 'Mohan Raj', 'mohan.raj46@university.com', '$2b$12$qp9l67rRqEpnQjBA2n4SruSpJzqK0WxAF6IRBMU3S9XzCgGl7zsIC', 'student', 1, 1, 1, '2026-03-03 20:21:01'),
(68, 'Mohan Raj', 'mohan.raj47@university.com', '$2b$12$qp9l67rRqEpnQjBA2n4SruSpJzqK0WxAF6IRBMU3S9XzCgGl7zsIC', 'student', 1, 1, 1, '2026-03-03 20:21:01'),
(69, 'Mohan Raj', 'mohan.raj48@university.com', '$2b$12$qp9l67rRqEpnQjBA2n4SruSpJzqK0WxAF6IRBMU3S9XzCgGl7zsIC', 'student', 1, 1, 1, '2026-03-03 20:21:01'),
(70, 'Gokul Krishna', 'gokul.krishna49@university.com', '$2b$12$qp9l67rRqEpnQjBA2n4SruSpJzqK0WxAF6IRBMU3S9XzCgGl7zsIC', 'student', 1, 1, 1, '2026-03-03 20:21:01'),
(71, 'Gokul Krishna', 'gokul.krishna50@university.com', '$2b$12$qp9l67rRqEpnQjBA2n4SruSpJzqK0WxAF6IRBMU3S9XzCgGl7zsIC', 'student', 1, 1, 1, '2026-03-03 20:21:01'),
(72, 'Gokul Krishna', 'gokul.krishna51@university.com', '$2b$12$qp9l67rRqEpnQjBA2n4SruSpJzqK0WxAF6IRBMU3S9XzCgGl7zsIC', 'student', 1, 1, 1, '2026-03-03 20:21:01'),
(73, 'Chaitanya Reddy', 'chaitanya.reddy52@university.com', '$2b$12$qp9l67rRqEpnQjBA2n4SruSpJzqK0WxAF6IRBMU3S9XzCgGl7zsIC', 'student', 1, 1, 1, '2026-03-03 20:21:01'),
(74, 'Chaitanya Reddy', 'chaitanya.reddy53@university.com', '$2b$12$qp9l67rRqEpnQjBA2n4SruSpJzqK0WxAF6IRBMU3S9XzCgGl7zsIC', 'student', 1, 1, 1, '2026-03-03 20:21:01'),
(75, 'Chaitanya Reddy', 'chaitanya.reddy54@university.com', '$2b$12$qp9l67rRqEpnQjBA2n4SruSpJzqK0WxAF6IRBMU3S9XzCgGl7zsIC', 'student', 1, 1, 1, '2026-03-03 20:21:01'),
(76, 'Manoj Kumar', 'manoj.kumar55@university.com', '$2b$12$qp9l67rRqEpnQjBA2n4SruSpJzqK0WxAF6IRBMU3S9XzCgGl7zsIC', 'student', 1, 1, 1, '2026-03-03 20:21:01'),
(77, 'Manoj Kumar', 'manoj.kumar56@university.com', '$2b$12$qp9l67rRqEpnQjBA2n4SruSpJzqK0WxAF6IRBMU3S9XzCgGl7zsIC', 'student', 1, 1, 1, '2026-03-03 20:21:01'),
(78, 'Manoj Kumar', 'manoj.kumar57@university.com', '$2b$12$qp9l67rRqEpnQjBA2n4SruSpJzqK0WxAF6IRBMU3S9XzCgGl7zsIC', 'student', 1, 1, 1, '2026-03-03 20:21:01'),
(79, 'Dinesh Babu', 'dinesh.babu58@university.com', '$2b$12$qp9l67rRqEpnQjBA2n4SruSpJzqK0WxAF6IRBMU3S9XzCgGl7zsIC', 'student', 1, 1, 1, '2026-03-03 20:21:01'),
(80, 'Dinesh Babu', 'dinesh.babu59@university.com', '$2b$12$qp9l67rRqEpnQjBA2n4SruSpJzqK0WxAF6IRBMU3S9XzCgGl7zsIC', 'student', 1, 1, 1, '2026-03-03 20:21:01'),
(81, 'Dinesh Babu', 'dinesh.babu60@university.com', '$2b$12$qp9l67rRqEpnQjBA2n4SruSpJzqK0WxAF6IRBMU3S9XzCgGl7zsIC', 'student', 1, 1, 1, '2026-03-03 20:21:01'),
(82, 'krishna@university.com', 'krishna@university.com', '$2b$12$7/kF/yzfjkl8OgsXLFVseOPMRA6cYkNP5FaLit1COBI/VL1nL5HVi', 'faculty', 1, 1, 1, '2026-03-05 08:37:41'),
(90, 'suri', 'suri@university.com', '$2b$12$AC3g2S/1G9DJ54waLl.4DOEHqG1ldK3d4yRoqVNnKLGMDPX2ZEoRG', 'student', 1, 1, 1, '2026-03-05 09:01:36'),
(91, 'King Student', 'king@university.com', '$2b$12$OQSz8aBVcAD2piRydh2amuAy891.qfMV9V2EmaQaisoSyP/I2wbaG', 'student', 3, 1, 1, '2026-03-06 08:22:05'),
(92, 'Dr John Faculty', 'john@university.com', '$2b$12$NBrW4oayu4r6wKC7cSLoSu73KxC6Nx9BfnAhkrImpbUTUty1Ibz5y', 'faculty', 1, 1, 1, '2026-03-06 08:22:36'),
(93, 'Dr. kingteja', 'kingteja@university.com', '$2b$12$INNYMsGnahPx3tUeFG3UNelrYI.BQIYdsqeGlaTt8zRt0OijgreyO', 'faculty', 2, 1, 1, '2026-03-12 20:35:44'),
(94, 'Dr Test Faculty', 'faculty@university.com', '$2b$12$Rg4RI4kHYX1R4LjY4f5Cz.ZYgN5A0yLfBQA9KBfrMl3TBYsTj/o86', 'faculty', 1, 1, 1, '2026-03-23 04:41:33'),
(99, 'Test Student', 'student@university.com', '$2b$12$k2I4zp7mOM1H7MPWGt.BheEc/y7iapSKFUZWjHIk4LedItCavXCfK', 'student', 1, 1, 1, '2026-03-23 04:43:51'),
(101, 'putta Naga Surendra', 'surendra67@university.com', '$2b$12$MsOE2pc9P4HOPy9BT9SleeIBA143fgAIbAcvN0NdX/0m3RXoljaxy', 'student', 1, 1, 1, '2026-03-24 08:52:44'),
(102, 'Dr. surya', 'surya689@university.com', '$2b$12$cdR.3CthL69TztoS33xHvuQk2QaH9AqRUfDAWmjzk8XMB3RTT69Ai', 'faculty', 1, 1, 1, '2026-03-24 08:54:10'),
(103, 'Dt. suri', 'suri4@university.com', '$2b$12$Dh5uGzSEvRo1KyW1yr2YJeF9eWL15pg1QsFj4.Dcj7M4bVd.GHaxW', 'faculty', 1, 1, 1, '2026-03-24 09:04:16'),
(104, 'sharath kumar', 'sharath@university.com', '$2b$12$qpVty4QdCaEnI/.ukHoMPeD.ouBMuq4qOo56I23qT05Xbwgg/HdXC', 'student', 2, 1, 1, '2026-03-29 18:35:22'),
(105, 'surendraarts', 'arts@university.com', '$2b$12$Kwb8o0vC3dZXmoUIrGrJduaau9x3.mAFqfrOKEyLdx5EED5jGLP/i', 'faculty', 3, 1, 1, '2026-03-30 03:51:34'),
(106, 'karthik reddy', 'reddy@university.com', '$2b$12$yL7QUOwAOp9nlz77vGI94.TMtCrYEo/cryfZc1EBlMSL6iF1hNeXK', 'student', 3, 1, 1, '2026-03-30 03:52:45'),
(107, 'dr.suryakumar', 'suryakumar@university.com', '$2b$12$M2uTEkh87EoROR027RhOWuJJXQpZXjr8ZV4NEFUvZjyWN9IglaR/y', 'faculty', 5, 1, 1, '2026-03-30 04:06:37'),
(108, 'mahesh babu', 'babu@university.com', '$2b$12$g.SfxjI7LsMTltHsQQ/YfOt6wRNk6bDxoeJ9n2uTAAzQCS3BJw3ea', 'student', 5, 1, 1, '2026-03-30 04:07:24');

--
-- Indexes for dumped tables
--

--
-- Indexes for table `departments`
--
ALTER TABLE `departments`
  ADD PRIMARY KEY (`id`),
  ADD UNIQUE KEY `code` (`code`);

--
-- Indexes for table `exams`
--
ALTER TABLE `exams`
  ADD PRIMARY KEY (`id`),
  ADD KEY `faculty_id` (`faculty_id`),
  ADD KEY `ix_exams_course_code` (`course_code`);

--
-- Indexes for table `faculty`
--
ALTER TABLE `faculty`
  ADD PRIMARY KEY (`id`),
  ADD UNIQUE KEY `faculty_id` (`faculty_id`),
  ADD UNIQUE KEY `faculty_id_2` (`faculty_id`),
  ADD KEY `user_id` (`user_id`);

--
-- Indexes for table `faculty_details`
--
ALTER TABLE `faculty_details`
  ADD PRIMARY KEY (`id`),
  ADD KEY `user_id` (`user_id`),
  ADD KEY `department_id` (`department_id`);

--
-- Indexes for table `omr_answer_keys`
--
ALTER TABLE `omr_answer_keys`
  ADD PRIMARY KEY (`id`),
  ADD UNIQUE KEY `unique_exam_question` (`exam_id`,`question_number`),
  ADD KEY `ix_omr_answer_keys_exam_id` (`exam_id`);

--
-- Indexes for table `omr_exams`
--
ALTER TABLE `omr_exams`
  ADD PRIMARY KEY (`id`),
  ADD KEY `faculty_id` (`faculty_id`);

--
-- Indexes for table `omr_result`
--
ALTER TABLE `omr_result`
  ADD PRIMARY KEY (`id`);

--
-- Indexes for table `omr_results`
--
ALTER TABLE `omr_results`
  ADD PRIMARY KEY (`id`),
  ADD UNIQUE KEY `unique_exam_student_omr` (`exam_id`,`student_roll`),
  ADD KEY `ix_omr_results_student_roll` (`student_roll`),
  ADD KEY `ix_omr_results_exam_id` (`exam_id`);

--
-- Indexes for table `omr_sheets`
--
ALTER TABLE `omr_sheets`
  ADD PRIMARY KEY (`id`),
  ADD KEY `ix_omr_sheets_student_roll` (`student_roll`),
  ADD KEY `ix_omr_sheets_exam_id` (`exam_id`);

--
-- Indexes for table `students`
--
ALTER TABLE `students`
  ADD PRIMARY KEY (`id`),
  ADD UNIQUE KEY `ix_students_roll_number` (`roll_number`),
  ADD KEY `user_id` (`user_id`);

--
-- Indexes for table `student_exam_results`
--
ALTER TABLE `student_exam_results`
  ADD PRIMARY KEY (`id`),
  ADD UNIQUE KEY `unique_student_exam` (`student_id`,`exam_id`),
  ADD KEY `ix_student_exam_results_exam_id` (`exam_id`),
  ADD KEY `ix_student_exam_results_student_id` (`student_id`);

--
-- Indexes for table `student_performance`
--
ALTER TABLE `student_performance`
  ADD PRIMARY KEY (`id`),
  ADD KEY `ix_student_performance_student_roll` (`student_roll`);

--
-- Indexes for table `theory_answer_sheets`
--
ALTER TABLE `theory_answer_sheets`
  ADD PRIMARY KEY (`id`),
  ADD KEY `ix_theory_answer_sheets_exam_id` (`exam_id`),
  ADD KEY `ix_theory_answer_sheets_student_roll` (`student_roll`);

--
-- Indexes for table `theory_exams`
--
ALTER TABLE `theory_exams`
  ADD PRIMARY KEY (`id`),
  ADD KEY `faculty_id` (`faculty_id`),
  ADD KEY `ix_theory_exams_subject_code` (`subject_code`);

--
-- Indexes for table `theory_results`
--
ALTER TABLE `theory_results`
  ADD PRIMARY KEY (`id`),
  ADD UNIQUE KEY `unique_exam_student_theory` (`exam_id`,`student_roll`),
  ADD KEY `ix_theory_results_student_roll` (`student_roll`),
  ADD KEY `ix_theory_results_exam_id` (`exam_id`);

--
-- Indexes for table `users`
--
ALTER TABLE `users`
  ADD PRIMARY KEY (`id`),
  ADD UNIQUE KEY `ix_users_email` (`email`),
  ADD KEY `department_id` (`department_id`),
  ADD KEY `ix_users_role` (`role`);

--
-- AUTO_INCREMENT for dumped tables
--

--
-- AUTO_INCREMENT for table `departments`
--
ALTER TABLE `departments`
  MODIFY `id` int(11) NOT NULL AUTO_INCREMENT, AUTO_INCREMENT=6;

--
-- AUTO_INCREMENT for table `exams`
--
ALTER TABLE `exams`
  MODIFY `id` int(11) NOT NULL AUTO_INCREMENT;

--
-- AUTO_INCREMENT for table `faculty`
--
ALTER TABLE `faculty`
  MODIFY `id` int(11) NOT NULL AUTO_INCREMENT, AUTO_INCREMENT=29;

--
-- AUTO_INCREMENT for table `faculty_details`
--
ALTER TABLE `faculty_details`
  MODIFY `id` int(11) NOT NULL AUTO_INCREMENT, AUTO_INCREMENT=9;

--
-- AUTO_INCREMENT for table `omr_answer_keys`
--
ALTER TABLE `omr_answer_keys`
  MODIFY `id` int(11) NOT NULL AUTO_INCREMENT, AUTO_INCREMENT=1325;

--
-- AUTO_INCREMENT for table `omr_exams`
--
ALTER TABLE `omr_exams`
  MODIFY `id` int(11) NOT NULL AUTO_INCREMENT, AUTO_INCREMENT=94;

--
-- AUTO_INCREMENT for table `omr_result`
--
ALTER TABLE `omr_result`
  MODIFY `id` int(11) NOT NULL AUTO_INCREMENT;

--
-- AUTO_INCREMENT for table `omr_results`
--
ALTER TABLE `omr_results`
  MODIFY `id` int(11) NOT NULL AUTO_INCREMENT, AUTO_INCREMENT=192;

--
-- AUTO_INCREMENT for table `omr_sheets`
--
ALTER TABLE `omr_sheets`
  MODIFY `id` int(11) NOT NULL AUTO_INCREMENT, AUTO_INCREMENT=256;

--
-- AUTO_INCREMENT for table `students`
--
ALTER TABLE `students`
  MODIFY `id` int(11) NOT NULL AUTO_INCREMENT, AUTO_INCREMENT=80;

--
-- AUTO_INCREMENT for table `student_exam_results`
--
ALTER TABLE `student_exam_results`
  MODIFY `id` int(11) NOT NULL AUTO_INCREMENT;

--
-- AUTO_INCREMENT for table `student_performance`
--
ALTER TABLE `student_performance`
  MODIFY `id` int(11) NOT NULL AUTO_INCREMENT, AUTO_INCREMENT=35;

--
-- AUTO_INCREMENT for table `theory_answer_sheets`
--
ALTER TABLE `theory_answer_sheets`
  MODIFY `id` int(11) NOT NULL AUTO_INCREMENT, AUTO_INCREMENT=84;

--
-- AUTO_INCREMENT for table `theory_exams`
--
ALTER TABLE `theory_exams`
  MODIFY `id` int(11) NOT NULL AUTO_INCREMENT, AUTO_INCREMENT=48;

--
-- AUTO_INCREMENT for table `theory_results`
--
ALTER TABLE `theory_results`
  MODIFY `id` int(11) NOT NULL AUTO_INCREMENT, AUTO_INCREMENT=48;

--
-- AUTO_INCREMENT for table `users`
--
ALTER TABLE `users`
  MODIFY `id` int(11) NOT NULL AUTO_INCREMENT, AUTO_INCREMENT=109;

--
-- Constraints for dumped tables
--

--
-- Constraints for table `exams`
--
ALTER TABLE `exams`
  ADD CONSTRAINT `exams_ibfk_1` FOREIGN KEY (`faculty_id`) REFERENCES `users` (`id`);

--
-- Constraints for table `faculty`
--
ALTER TABLE `faculty`
  ADD CONSTRAINT `faculty_ibfk_1` FOREIGN KEY (`user_id`) REFERENCES `users` (`id`);

--
-- Constraints for table `faculty_details`
--
ALTER TABLE `faculty_details`
  ADD CONSTRAINT `faculty_details_ibfk_1` FOREIGN KEY (`user_id`) REFERENCES `users` (`id`),
  ADD CONSTRAINT `faculty_details_ibfk_2` FOREIGN KEY (`department_id`) REFERENCES `departments` (`id`);

--
-- Constraints for table `omr_answer_keys`
--
ALTER TABLE `omr_answer_keys`
  ADD CONSTRAINT `omr_answer_keys_ibfk_1` FOREIGN KEY (`exam_id`) REFERENCES `omr_exams` (`id`);

--
-- Constraints for table `omr_exams`
--
ALTER TABLE `omr_exams`
  ADD CONSTRAINT `omr_exams_ibfk_1` FOREIGN KEY (`faculty_id`) REFERENCES `users` (`id`);

--
-- Constraints for table `omr_results`
--
ALTER TABLE `omr_results`
  ADD CONSTRAINT `fk_omr_exam` FOREIGN KEY (`exam_id`) REFERENCES `omr_exams` (`id`),
  ADD CONSTRAINT `omr_results_ibfk_1` FOREIGN KEY (`exam_id`) REFERENCES `omr_exams` (`id`);

--
-- Constraints for table `omr_sheets`
--
ALTER TABLE `omr_sheets`
  ADD CONSTRAINT `omr_sheets_ibfk_1` FOREIGN KEY (`exam_id`) REFERENCES `omr_exams` (`id`);

--
-- Constraints for table `students`
--
ALTER TABLE `students`
  ADD CONSTRAINT `students_ibfk_1` FOREIGN KEY (`user_id`) REFERENCES `users` (`id`);

--
-- Constraints for table `student_exam_results`
--
ALTER TABLE `student_exam_results`
  ADD CONSTRAINT `student_exam_results_ibfk_1` FOREIGN KEY (`student_id`) REFERENCES `students` (`id`),
  ADD CONSTRAINT `student_exam_results_ibfk_2` FOREIGN KEY (`exam_id`) REFERENCES `exams` (`id`);

--
-- Constraints for table `theory_answer_sheets`
--
ALTER TABLE `theory_answer_sheets`
  ADD CONSTRAINT `theory_answer_sheets_ibfk_1` FOREIGN KEY (`exam_id`) REFERENCES `theory_exams` (`id`);

--
-- Constraints for table `theory_exams`
--
ALTER TABLE `theory_exams`
  ADD CONSTRAINT `theory_exams_ibfk_1` FOREIGN KEY (`faculty_id`) REFERENCES `users` (`id`);

--
-- Constraints for table `theory_results`
--
ALTER TABLE `theory_results`
  ADD CONSTRAINT `theory_results_ibfk_1` FOREIGN KEY (`exam_id`) REFERENCES `theory_exams` (`id`);

--
-- Constraints for table `users`
--
ALTER TABLE `users`
  ADD CONSTRAINT `users_ibfk_1` FOREIGN KEY (`department_id`) REFERENCES `departments` (`id`);
COMMIT;

/*!40101 SET CHARACTER_SET_CLIENT=@OLD_CHARACTER_SET_CLIENT */;
/*!40101 SET CHARACTER_SET_RESULTS=@OLD_CHARACTER_SET_RESULTS */;
/*!40101 SET COLLATION_CONNECTION=@OLD_COLLATION_CONNECTION */;
